Instructor,Course,Term,Enroll,Evals Made,Rcmnd Class,Rcmnd Instr,Study Hrs/wk,Avg Grade Expected,Avg Grade Received
"Braswell, Geoffrey E.",ANAR 153 - The Mysterious Maya (A),WI17,33,30,100.00%,96.70%,4.9,B (3.21),B (3.27)
"Rivera-Collazo, Isabel C",ANAR 164 - Maritime Archaeology (A),WI17,23,8,100.00%,100.00%,9.25,B (3.17),B- (2.78)
"Beasley, Melanie Marie",ANBI 111 - Human Evolution (A),WI17,33,32,93.80%,100.00%,5.63,B (3.20),B (3.07)
"Lafleur, Marni M",ANBI 133 - Evolution/Ecology: Great Ape (A),WI17,37,21,95.00%,95.00%,3.4,A- (3.70),B+ (3.51)
"Schoeninger, Margaret J",ANBI 146 - Stable Isotopes in Ecology (A),WI17,14,4,100.00%,100.00%,4.5,A- (3.75),N/A
"Parish, Steven Martin",ANSC 101 - Aging: Cult/Health Hum Dev (A),WI17,50,23,81.00%,85.70%,2.31,A- (3.74),A- (3.99)
"Olivas Hernandez, Olga Lid",ANSC 106 - GH: Indig Med in Latin Amer (A),WI17,22,11,100.00%,100.00%,4.68,B+ (3.55),A- (3.85)
"Klimova, Julia Germanovna",ANSC 120 - Anthropology of Religion (A),WI17,11,2,0.00%,0.00%,12.5,C (2.00),N/A
"Woolard, Kathryn A",ANSC 122 - Language in Society (A),WI17,46,16,73.30%,86.70%,3.7,B (3.18),B (3.11)
"Brenner, Suzanne A","ANSC 125 - Gender, Sexuality, & Society (A)",WI17,55,34,96.70%,93.30%,4.7,A- (3.80),A- (3.75)
"Postero, Nancy Grey",ANSC 135 - Indigenous Peoples/Latin Amer. (A),WI17,41,19,94.10%,88.20%,4.03,B+ (3.63),B+ (3.44)
"Jordan, David K.",ANSC 136 - Traditional Chinese Society (A),WI17,44,18,61.10%,72.20%,4.15,B (3.29),B (3.19)
"Varma, Saiba",ANSC 148 - Global Health/Cultrl Diversity (A),WI17,185,176,86.70%,86.10%,5.87,B (3.26),B- (2.96)
"Pedersen, David","ANSC 178 - Brain, Mind, Culture & History (A)",WI17,12,9,100.00%,100.00%,5.36,B+ (3.67),N/A
"Duzel, Esin",ANTH 1 - Introduction to Culture (A),WI17,66,25,95.80%,95.80%,4.67,A- (3.91),B+ (3.42)
"Beasley, Melanie Marie",ANTH 102 - Humans Are Cultural Animals (A),WI17,81,73,90.40%,98.60%,4.78,B+ (3.41),B+ (3.60)
"Kang, Byung Chu",ANTH 21 - Race and Racisms (A),WI17,190,76,87.10%,82.90%,2.53,A- (3.77),A- (3.73)
"Duzel, Esin",ANTH 23 - Debating Multiculturalism (A),WI17,94,45,80.50%,73.20%,3.91,B+ (3.69),B+ (3.38)
"Klimova, Julia Germanovna",ANTH 23 - Debating Multiculturalism (B),WI17,225,96,83.70%,62.80%,3.08,A- (3.77),B+ (3.56)
"Jordan, David K.",ANTH 87 - Freshman Seminar (A),WI17,16,10,100.00%,90.00%,2.1,N/A,N/A
"Jordan, David K.",ANTH 87 - Freshman Seminar (B),WI17,8,6,100.00%,100.00%,1.5,N/A,N/A
"Goldstein, Paul S",ANTH 87 - Freshman Seminar (C),WI17,10,4,75.00%,75.00%,0.5,N/A,N/A
"Somerville, Andrew D",ANAR 100 - Spec Topics/Anth Archaeology (B),FA16,23,19,100.00%,94.40%,8.06,A- (3.81),B+ (3.68)
"Braswell, Geoffrey E.","ANAR 144 - Pharaohs,Mummies,Pyramds:Egypt (A)",FA16,17,16,100.00%,92.90%,4.07,B (3.29),N/A
"Schoeninger, Margaret J",ANBI 120 - Immortal Life/Henrietta Lacks (A),FA16,6,3,100.00%,100.00%,6.5,B+ (3.67),N/A
"Schoeninger, Margaret J",ANBI 141 - The Evolution of Human Diet (A),FA16,34,16,100.00%,92.30%,3.33,A- (3.70),B+ (3.67)
"Lafleur, Marni M","ANBI 148 - Evolution, Behavior, Ecology (A)",FA16,16,8,100.00%,100.00%,4.21,A- (3.71),N/A
"Beasley, Melanie Marie",ANBI 159 - Biological&Cult Persptv/Intell (A),FA16,25,13,90.90%,100.00%,4.32,B+ (3.64),A- (3.89)
"Haviland, John B.",ANSC 118 - Language and Culture (A),FA16,24,13,61.50%,53.80%,4.96,B+ (3.46),B+ (3.38)
"Itzhak, Nofit",ANSC 121 - Psychological Anthropology (A),FA16,37,22,77.30%,81.80%,5.59,B+ (3.43),B (3.26)
"Haviland, John B.","ANSC 131 - Language, Law, Social Justice (A)",FA16,20,9,62.50%,75.00%,6,B (3.25),B+ (3.32)
"Varma, Saiba",ANSC 155 - Humanitarian Aid (A),FA16,30,25,100.00%,100.00%,4.32,B+ (3.64),B+ (3.66)
"Brenner, Suzanne A",ANSC 159 - Anthropology of Marriage (A),FA16,16,13,100.00%,100.00%,5.88,A- (3.85),N/A
"Pedersen, David",ANSC 176 - Critical Military Studies (A),FA16,12,9,66.70%,55.60%,3.83,B+ (3.56),N/A
"Hankins, Joseph D.",ANSC 180 - Labor's Relations (A),FA16,20,15,100.00%,100.00%,6.5,B (3.23),B (3.27)
"Hankins, Joseph D.",ANSC 181 - Animal Affairs (A),FA16,36,22,100.00%,100.00%,5.86,B+ (3.55),B+ (3.50)
"Goldstein, Paul S",ANTH 101 - Foundations/Social Complexity (A),FA16,101,45,87.80%,87.80%,4.6,B+ (3.50),B+ (3.36)
"Beasley, Melanie Marie",ANTH 2 - Human Origins (A),FA16,154,147,94.50%,93.80%,4.03,B+ (3.32),B (3.15)
"Klimova, Julia Germanovna",ANTH 21 - Race and Racisms (A),FA16,274,143,85.40%,83.10%,3.25,B+ (3.63),B+ (3.41)
"Stewart, Alexander B",ANTH 23 - Debating Multiculturalism (A),FA16,269,219,84.40%,91.50%,3.64,B+ (3.56),B+ (3.62)
"Itzhak, Nofit",ANTH 23 - Debating Multiculturalism (B),FA16,271,159,66.20%,77.70%,4.1,B (3.29),B (3.06)
"Parish, Steven Martin",ANTH 87 - Freshman Seminar (B),FA16,15,9,100.00%,100.00%,0.79,A (4.00),N/A
"Braswell, Geoffrey E.",ANAR 100 - Spec Topics/Anth Archaeology (A),S216,9,4,75.00%,75.00%,6,A- (3.75),N/A
"Goldstein, Paul S",No CAPEs submitted,S216,8,0,N/A,N/A,N/A,N/A,N/A
"Braswell, Geoffrey E.",ANAR 155S - Stdy Abrd: Ancient Mesoamerica (A),S216,9,4,75.00%,75.00%,6.5,A- (3.75),N/A
"Goldstein, Paul S",No CAPEs submitted,S216,2,0,N/A,N/A,N/A,N/A,N/A
"Most, Corinna",ANBI 116 - Hmn Sexuality in Evolutn Pers (A),S216,12,6,100.00%,100.00%,4.17,B+ (3.50),N/A
"Welji, Haleema Nazir",ANSC 122 - Language in Society (A),S216,33,12,72.70%,100.00%,9.05,B+ (3.40),B (3.30)
"Parish, Steven Martin",ANSC 166 - Film and Culture in Asia (A),S216,57,17,100.00%,100.00%,3.57,A- (3.93),A- (3.92)
"Hagerman, Kiri Louise",ANTH 2 - Human Origins (A),S216,14,9,88.90%,100.00%,4.25,B (3.00),N/A
"Parish, Steven Martin",ANTH 21 - Race and Racisms (A),S216,39,9,87.50%,50.00%,4,B+ (3.50),A- (3.80)
"Balaswaminathan, Sowparnika",ANTH 23 - Debating Multiculturalism (A),S216,39,11,81.80%,100.00%,6.14,B+ (3.36),B- (2.95)
"Beasley, Melanie Marie",ANBI 143 - The Human Skeleton (A),S116,20,19,94.70%,100.00%,6.5,B+ (3.63),B+ (3.50)
"Saravia, Paula F",ANSC 105 - Global Health & Inequality (A),S116,28,9,100.00%,100.00%,6,B+ (3.50),B+ (3.66)
"Garic-Humphrey, Natasa",No CAPEs submitted,S116,11,0,N/A,N/A,N/A,N/A,N/A
"Hrvoj Mihic, Branka",ANTH 101 - Foundations/Social Complexity (A),S116,10,6,66.70%,100.00%,8.83,B+ (3.40),N/A
"Butt, Waqas H",ANTH 21 - Race and Racisms (A),S116,34,7,83.30%,100.00%,6.17,B (3.00),B (3.24)
"Green, Ulrike Matthies",ANAR 111 - Foundations of Archaeology (A),SP16,7,3,100.00%,100.00%,3.17,A (4.00),N/A
"Levy, Thomas E","ANAR 143 - Archeology, Anthr & the Bible (A)",SP16,16,11,81.80%,81.80%,4.7,B+ (3.33),N/A
"Goldstein, Paul S",ANAR 180 - Archaeology Workshop (A),SP16,8,4,100.00%,75.00%,3.5,A (4.00),N/A
"Lafleur, Marni M",ANBI 133 - Evolution/Ecology: Great Ape (A),SP16,32,15,100.00%,100.00%,4.64,B+ (3.69),B+ (3.56)
"Lafleur, Marni M",ANBI 145 - Bioarchaeology (A),SP16,30,11,100.00%,100.00%,3.9,A (4.00),B+ (3.59)
"Strum, Shirley C.",ANBI 173 - How Monkeys See the World (A),SP16,20,7,83.30%,83.30%,4.17,B+ (3.60),B+ (3.30)
"Jenkins, Janis A.",ANSC 100 - Spec Top/Socio-Cultural Anthro (A),SP16,16,14,92.90%,100.00%,5.83,A- (3.77),N/A
"Klimova, Julia Germanovna",ANSC 120 - Anthropology of Religion (A),SP16,30,16,68.80%,68.80%,4.79,B+ (3.54),B+ (3.49)
"Brenner, Suzanne A","ANSC 125 - Gender, Sexuality, & Society (A)",SP16,91,49,87.50%,87.50%,5.14,A- (3.72),B+ (3.43)
"Parish, Steven Martin",ANSC 138 - Cultural Design Practicum (A),SP16,13,6,83.30%,100.00%,6.17,A- (3.83),N/A
"Postero, Nancy Grey",ANSC 140 - Human Rights II: Contemp Issue (A),SP16,23,12,83.30%,100.00%,5.95,B+ (3.50),B (3.17)
"Varma, Saiba",ANSC 148 - Global Health/Cultrl Diversity (A),SP16,124,83,93.70%,91.10%,4.47,B+ (3.60),B (3.25)
"Brenner, Suzanne A",ANSC 154 - Gender and Religion (A),SP16,14,7,85.70%,85.70%,5.07,A- (3.86),N/A
"Woolard, Kathryn A","ANSC 162 - Language, Identity & Community (A)",SP16,42,17,100.00%,87.50%,4.63,B (3.29),B (3.12)
"Hankins, Joseph D.",ANSC 180 - Labor's Relations (A),SP16,20,14,100.00%,100.00%,4.79,A- (3.71),B+ (3.57)
"Fortier, Jana",ANTH 103 - Sociocultural Anthropology (A),SP16,83,41,65.00%,57.50%,4.35,B+ (3.34),B (3.21)
"Semendeferi, Ekaterini",ANTH 196C - Honors Studies in Anthropology (A),SP16,4,4,100.00%,100.00%,6,A (4.00),N/A
"Klimova, Julia Germanovna",ANTH 21 - Race and Racisms (A),SP16,194,84,89.50%,88.20%,3.16,B+ (3.51),B (3.25)
"Stewart, Alexander B",ANTH 23 - Debating Multiculturalism (A),SP16,152,114,84.10%,91.20%,3.25,B+ (3.51),B+ (3.60)
"Stewart, Alexander B",ANTH 23 - Debating Multiculturalism (B),SP16,184,135,90.90%,94.70%,3.45,B+ (3.61),B+ (3.60)
"Levy, Thomas E",ANTH 3 - World Prehistory (A),SP16,34,18,77.80%,94.40%,2.61,B+ (3.69),B (3.17)
"Goldstein, Paul S",ANTH 87 - Freshman Seminar (A),SP16,7,4,66.70%,100.00%,0.5,N/A,N/A
"Goldstein, Paul S",ANAR 156 - Archaeology of South America (A),WI16,38,14,100.00%,100.00%,6.21,B+ (3.50),B+ (3.56)
"Algaze, Guillermo",ANAR 182 - Origin/Agriculture & Sedentism (A),WI16,4,3,100.00%,100.00%,4.5,A (4.00),N/A
"Lafleur, Marni M",ANBI 111 - Adv Principles/Human Evolution (A),WI16,34,16,86.70%,93.30%,4.1,B+ (3.33),B+ (3.64)
"Non, Amy L",ANBI 131 - Biology and Culture of Race (A),WI16,12,9,100.00%,100.00%,4.94,A- (3.71),N/A
"Somerville, Andrew D",ANBI 141 - The Evolution of Human Diet (A),WI16,23,17,100.00%,100.00%,3.68,A- (3.88),B+ (3.62)
"Woolard, Kathryn A",ANSC 100 - Spec Top/Socio-Cultural Anthro (A),WI16,3,2,100.00%,100.00%,4.5,A (4.00),N/A
"Shin, Layoung",ANSC 100 - Spec Top/Socio-Cultural Anthro (B),WI16,19,14,100.00%,100.00%,3.5,A- (3.79),N/A
"Haviland, John B.","ANSC 119 - Gesture, Communication & Body (A)",WI16,10,4,75.00%,100.00%,4,B (3.25),N/A
"Woolard, Kathryn A",ANSC 122 - Language in Society (A),WI16,62,35,90.60%,96.90%,4.56,B+ (3.36),B (3.00)
"Jordan, David K.",ANSC 137 - Chinese Popular Religion (A),WI16,43,16,81.30%,93.80%,4.13,B (3.29),B+ (3.33)
"Jenkins, Janis A.",ANSC 150 - Culture and Mental Health (A),WI16,64,54,96.30%,88.90%,5.35,B+ (3.64),B+ (3.63)
"Pedersen, David","ANSC 178 - Brain, Mind, Culture & History (A)",WI16,25,9,77.80%,88.90%,6.5,A (4.00),B+ (3.64)
"Fortier, Jana",ANTH 1 - Introduction to Culture (A),WI16,72,44,70.70%,75.60%,3.87,B+ (3.33),B (3.12)
"Lafleur, Marni M",ANTH 102 - Humans Are Cultural Animals (A),WI16,104,55,98.10%,98.10%,3.69,B+ (3.67),B+ (3.68)
"Klimova, Julia Germanovna",ANTH 21 - Race and Racisms (A),WI16,207,84,89.50%,86.80%,2.42,B+ (3.65),B+ (3.53)
"Stewart, Alexander B",ANTH 23 - Debating Multiculturalism (A),WI16,196,171,75.60%,89.30%,3.24,B+ (3.48),B+ (3.60)
"Stewart, Alexander B",ANTH 23 - Debating Multiculturalism (B),WI16,189,154,80.90%,94.70%,3.47,B+ (3.53),B+ (3.60)
"Jordan, David K.",ANTH 87 - Freshman Seminar (A),WI16,14,11,100.00%,100.00%,1.05,N/A,N/A
"Jordan, David K.",ANTH 87 - Freshman Seminar (B),WI16,13,10,100.00%,100.00%,1.17,A (4.00),N/A
"Braswell, Geoffrey E.",ANAR 154 - The Aztecs & Their Ancestors (A),FA15,28,23,91.30%,95.70%,3.02,B+ (3.38),B (3.24)
"Semendeferi, Ekaterini",ANBI 112 - Cytoarchitecture & Stereology (A),FA15,2,1,100.00%,100.00%,4.5,N/A,N/A
"Lafleur, Marni M",ANBI 116 - Evolution/Primate Reproduction (A),FA15,26,15,100.00%,100.00%,3.97,B+ (3.57),B+ (3.44)
"Non, Amy L",ANBI 130 - Biology of Inequality (A),FA15,15,9,100.00%,100.00%,5.17,B+ (3.33),N/A
"Haviland, John B.",ANSC 118 - Language and Culture (A),FA15,20,10,70.00%,90.00%,6.1,B (3.00),B (3.24)
"Klimova, Julia Germanovna",ANSC 121 - Psychological Anthropology (A),FA15,32,9,88.90%,88.90%,4.75,B+ (3.67),B+ (3.45)
"Varma, Saiba",ANSC 148 - Global Health/Cultrl Diversity (A),FA15,94,48,91.30%,87.00%,5.59,B+ (3.36),B (3.27)
"Friedman, Jonathan A",ANSC 158 - Anthropology of Crisis (A),FA15,14,5,60.00%,60.00%,6.1,B+ (3.60),N/A
"Pedersen, David",ANSC 175 - Anthropology of Capitalism (A),FA15,26,9,100.00%,100.00%,3,A- (3.75),A- (3.73)
"Pedersen, David",ANSC 176 - Critical Military Studies (A),FA15,14,4,75.00%,75.00%,2.5,B+ (3.50),N/A
"Goldstein, Paul S",ANTH 101 - Foundations/Social Complexity (A),FA15,96,43,76.70%,79.10%,3.83,B+ (3.41),B (3.29)
"Lafleur, Marni M",ANTH 2 - Human Origins (A),FA15,140,73,94.40%,98.60%,3.65,B+ (3.50),B (3.12)
"Klimova, Julia Germanovna",ANTH 21 - Race and Racisms (A),FA15,181,78,90.10%,70.40%,4.27,A- (3.73),B+ (3.52)
"Lewis, Leslie R",ANTH 23 - Debating Multiculturalism (A),FA15,295,124,92.20%,92.20%,3.95,A- (3.76),B+ (3.68)
"Stewart, Alexander B",ANTH 23 - Debating Multiculturalism (B),FA15,217,89,80.70%,85.50%,4.09,B+ (3.42),B+ (3.60)
"Braswell, Geoffrey E.",ANAR 100 - Spec Topics/Anth Archaeology (A),S215,23,5,100.00%,50.00%,6,A (4.00),A (4.00)
"Goldstein, Paul S",ANAR 119S - Archaeological Field & Lab Cls (A),S215,10,4,75.00%,75.00%,0.5,A- (3.75),N/A
"Braswell, Geoffrey E.",ANAR 155S - Stdy Abrd: Ancient Mesoamerica (A),S215,23,4,100.00%,50.00%,9.5,A (4.00),A (4.00)
"Goldstein, Paul S",ANAR 157S - Early Empires of the Andes (A),S215,6,1,100.00%,100.00%,2.5,A (4.00),N/A
"Beasley, Melanie Marie",ANBI 143 - The Human Skeleton (A),S215,11,11,100.00%,100.00%,5.41,B (3.09),N/A
"Welji, Haleema Nazir",ANSC 122 - Language in Society (A),S215,22,12,100.00%,100.00%,7.17,B+ (3.57),B+ (3.34)
"Parish, Steven Martin",ANSC 166 - Film and Culture in Asia (A),S215,30,4,100.00%,100.00%,4.5,A (4.00),A (4.00)
"Hanson, Kari Lynne",ANTH 2 - Human Origins (A),S215,23,12,100.00%,100.00%,5,A- (3.80),B+ (3.68)
"Parish, Steven Martin",ANTH 21 - Race and Racisms (A),S215,40,14,100.00%,91.70%,5.33,A- (3.75),A- (3.96)
"Garic-Humphrey, Natasa",ANTH 23 - Debating Multiculturalism (A),S215,51,12,81.80%,72.70%,5.23,B+ (3.63),B- (2.98)
"Saravia, Paula F",ANSC 105 - Global Health & Inequality (A),S115,11,5,100.00%,100.00%,8.5,B+ (3.40),N/A
"Stewart, Alexander B",ANSC 164 - Intro to Medical Anthropology (A),S115,19,8,100.00%,85.70%,5.93,B (3.29),N/A
"Fontana, Erica L",ANTH 1 - Introduction to Culture (A),S115,23,10,100.00%,100.00%,4.28,A- (3.88),A- (3.89)
"Saravia, Paula F",ANTH 21 - Race and Racisms (A),S115,32,8,87.50%,87.50%,5.5,A- (3.75),B+ (3.58)
"Parker, Ian Nicholas",ANTH 23 - Debating Multiculturalism (A),S115,46,19,88.90%,83.30%,7.17,A- (3.78),B (3.28)
"Knabb, Kyle Andrew",ANAR 103 - Archaeology in the Holy Land (A),SP15,19,2,100.00%,100.00%,6.5,B+ (3.50),N/A
"Levy, Thomas E","ANAR 143 - Archeology, Anthr & the Bible (A)",SP15,23,7,100.00%,100.00%,4.17,A- (3.80),B+ (3.65)
"Goldstein, Paul S",ANAR 180 - Arch Workshop: Adv. Labwork (B),SP15,13,2,100.00%,100.00%,4.5,A (4.00),N/A
"Barger, Nicole L.",ANBI 140 - Evolution of Human Brain (A),SP15,38,13,61.50%,46.20%,5.73,B (3.17),B (3.10)
"Barger, Nicole L.",ANBI 175 - Modeling Behavior/Early Ancest (A),SP15,13,8,100.00%,100.00%,7.25,A- (3.71),N/A
"Pedersen, David",ANSC 100 - Spec Top/Socio-Cultural Anthro (A),SP15,6,2,100.00%,100.00%,7.5,B+ (3.50),N/A
"Parish, Steven Martin",ANSC 101 - Aging: Cult/Health Hum Dev (A),SP15,24,12,100.00%,100.00%,4.83,A- (3.91),A (4.00)
"Brenner, Suzanne A","ANSC 125 - Gender, Sexuality, & Society (A)",SP15,66,37,97.30%,94.60%,4.23,A- (3.70),B+ (3.59)
"Novak, Jessica M",ANSC 128 - Culture and Emotion (A),SP15,12,6,100.00%,83.30%,6.5,B+ (3.50),N/A
"Stewart, Alexander B",ANSC 136 - Traditional Chinese Society (A),SP15,22,18,58.80%,76.50%,3.68,B (3.19),B (3.24)
"Postero, Nancy Grey",ANSC 140 - Human Rights II: Contemp Issue (B),SP15,10,5,100.00%,100.00%,2.5,B+ (3.60),N/A
"Jenkins, Janis A.",ANSC 156 - Mad Films (A),SP15,33,16,100.00%,93.80%,3.7,A- (3.71),B (3.28)
"Brenner, Suzanne A",ANSC 159 - Anthropology of Marriage (A),SP15,13,11,100.00%,100.00%,7.23,B+ (3.55),N/A
"Woolard, Kathryn A","ANSC 162 - Language, Identity & Community (A)",SP15,37,16,56.30%,93.80%,4.63,B (3.00),B (3.10)
"Kramer, Elise A.",ANSC 163 - Culture&Commnication/Education (A),SP15,17,6,100.00%,100.00%,5.17,A- (3.83),N/A
"Parish, Steven Martin",ANSC 165 - Contemporary South Asia (A),SP15,37,10,80.00%,90.00%,2.94,B+ (3.67),A- (3.96)
"Hankins, Joseph D.",ANTH 103 - Social Anthropology (A),SP15,76,34,100.00%,100.00%,5.05,B+ (3.52),B (3.27)
"Semendeferi, Ekaterini",ANTH 196C - Thesis Research (A),SP15,6,4,100.00%,100.00%,3.17,A (4.00),N/A
"Kramer, Elise A.",ANTH 23 - Debating Multiculturalism (A),SP15,383,148,82.40%,83.10%,2.76,B+ (3.64),B+ (3.50)
"Pedersen, David",ANTH 23 - Debating Multiculturalism (B),SP15,30,11,70.00%,90.00%,3.39,B (3.14),B+ (3.43)
"Levy, Thomas E",ANTH 3 - World Prehistory (A),SP15,52,23,82.60%,95.70%,2.85,B+ (3.47),B+ (3.33)
"Jordan, David K.",ANTH 87 - Freshman Seminar (A),SP15,6,4,100.00%,100.00%,1.5,N/A,N/A
"Jordan, David K.",ANTH 87 - Freshman Seminar (B),SP15,12,9,100.00%,100.00%,1.5,A (4.00),N/A
"Levy, Thomas E",ANAR 111 - Anthropological Archaeology (A),WI15,25,13,84.60%,84.60%,4.65,B (3.00),B+ (3.45)
"Braswell, Geoffrey E.",ANAR 160 - Ancient Maya: Arch Prob/Persp (A),WI15,10,4,75.00%,100.00%,5,A (4.00),N/A
"Algaze, Guillermo",ANAR 184 - Political Economy/Early Empire (A),WI15,27,7,100.00%,100.00%,3.83,B+ (3.67),A- (3.74)
"Schoeninger, Margaret J",ANBI 100 - Spec Topics/Biological Anthrop (A),WI15,41,22,90.50%,90.50%,4.12,B+ (3.38),B+ (3.55)
"Lafleur, Marni M",ANBI 159 - Biological&Cult Persptv/Intell (A),WI15,45,23,91.30%,87.00%,4.15,B+ (3.70),B+ (3.52)
"Jordan, David K.",ANSC 111 - The Chinese Heritage in Taiwan (A),WI15,22,2,100.00%,100.00%,5.5,B+ (3.50),B+ (3.38)
"Woolard, Kathryn A",ANSC 122 - Language in Society (A),WI15,49,26,100.00%,100.00%,3.83,B (3.21),B (3.11)
"Kramer, Elise A.","ANSC 127 - Discourse,Interactn&SocialLife (A)",WI15,49,15,86.70%,80.00%,4.37,A- (3.73),B (3.25)
"Novak, Jessica M",ANSC 144 - Immigrant and Refugee Health (A),WI15,44,20,80.00%,85.00%,4.8,B+ (3.45),B (3.07)
"Jenkins, Janis A.",ANSC 148 - Global Health/Cultrl Diversity (A),WI15,106,43,83.70%,65.10%,4.74,B+ (3.49),B+ (3.51)
"Friedman, Jonathan A",ANSC 158 - Anthropology of Crisis (A),WI15,7,2,100.00%,50.00%,3.5,B (3.00),N/A
"Stewart, Alexander B",ANTH 1 - Introduction to Culture (A),WI15,94,70,85.50%,91.30%,4.32,B+ (3.61),B+ (3.37)
"Lafleur, Marni M",ANTH 102 - Humans Are Cultural Animals (A),WI15,59,27,92.60%,88.90%,5.24,A- (3.72),B+ (3.57)
"Novak, Jessica M",ANTH 21 - Race and Racisms (A),WI15,103,43,78.60%,85.70%,5.04,B+ (3.44),B (3.11)
"Kramer, Elise A.",ANTH 23 - Debating Multiculturalism (A),WI15,267,111,92.20%,92.20%,3.19,B+ (3.63),B+ (3.35)
"Schoeninger, Margaret J",No CAPEs submitted,WI15,1,0,N/A,N/A,N/A,N/A,N/A
"Braswell, Geoffrey E.",ANAR 153 - The Mysterious Maya (A),FA14,37,26,90.90%,90.90%,4.05,B+ (3.37),B+ (3.32)
"Semendeferi, Ekaterini",ANBI 112 - Cytoarchitecture & Stereology (A),FA14,7,2,100.00%,100.00%,2.5,A (4.00),N/A
"Schoeninger, Margaret J",ANBI 141 - The Evolution of Human Diet (A),FA14,58,31,89.30%,100.00%,5.36,B (3.11),B (3.24)
"Lafleur, Marni M",ANBI 148 - Primate Behavioral Ecology (A),FA14,11,8,100.00%,100.00%,5.64,B+ (3.50),N/A
"Kim, Mi Kyung",ANSC 100 - Spec Top/Socio-Cultural Anthro (A),FA14,35,33,97.00%,84.80%,5.44,B+ (3.41),B+ (3.63)
"Hankins, Joseph D.",ANSC 102 - The Anthropology of Work (A),FA14,26,16,93.80%,93.80%,5.38,A- (3.94),B+ (3.43)
"Stasch, Rupert S",ANSC 103 - Photography & Visual Culture (A),FA14,34,17,78.60%,92.90%,3.93,A- (3.71),B+ (3.38)
"Kramer, Elise A.",ANSC 118 - Language and Culture (A),FA14,31,17,75.00%,87.50%,3.5,B+ (3.50),B (3.26)
"Kim, Mi Kyung",ANSC 121 - Psychological Anthropology (A),FA14,24,21,81.00%,81.00%,6.69,B+ (3.33),B+ (3.53)
"Friedman, Jonathan A",ANSC 152 - Cultures of Crisis/Pol Correct (A),FA14,15,7,71.40%,57.10%,8.5,B (3.00),N/A
"Goldstein, Paul S",ANTH 101 - Foundations/Social Complexity (A),FA14,103,47,88.40%,93.00%,4.88,B+ (3.48),B+ (3.44)
"Lafleur, Marni M",ANTH 2 - Human Origins (A),FA14,179,114,88.50%,91.70%,3.89,B+ (3.61),B+ (3.45)
"Lewis, Leslie R",ANTH 21 - Race and Racisms (A),FA14,188,94,96.30%,98.80%,4.25,A- (3.77),B+ (3.63)
"Kramer, Elise A.",ANTH 23 - Debating Multiculturalism (A),FA14,387,180,91.60%,92.90%,3.64,B+ (3.66),B+ (3.44)
"McComsey, Melanie E",ANSC 122 - Language in Society (A),S214,28,19,84.20%,89.50%,5.24,B (3.25),B (3.05)
"Itzhak, Nofit",ANSC 164 - Intro to Medical Anthropology (A),S214,24,10,100.00%,100.00%,7.39,B (3.22),C+ (2.70)
"Parish, Steven Martin",ANSC 166 - Film and Culture in Asia (A),S214,24,5,100.00%,100.00%,2.5,A (4.00),A (4.00)
"Somerville, Andrew D",ANTH 2 - Human Origins (A),S214,20,3,100.00%,100.00%,5.83,A (4.00),A- (3.82)
"Tucker Sade, Alexis E",ANTH 21 - Race and Racisms (A),S214,36,11,88.90%,88.90%,4.5,A- (3.83),N/A
"Garic-Humphrey, Natasa",ANTH 23 - Debating Multiculturalism (A),S214,58,14,91.70%,83.30%,4.17,B+ (3.60),B (3.20)
"Braswell, Geoffrey E.",ANAR 100 - Spec Topics/Anth Archaeology (A),S114,15,6,100.00%,100.00%,4.17,A (4.00),N/A
"Jones, Ian W",ANAR 103 - Archaeology in the Holy Land (A),S114,6,3,100.00%,100.00%,9.5,A (4.00),N/A
"Braswell, Geoffrey E.",ANAR 155S - Stdy Abrd: Ancient Mesoamerica (A),S114,15,6,100.00%,100.00%,3.83,A (4.00),N/A
"Beasley, Melanie Marie",ANBI 143 - The Human Skeleton (A),S114,19,17,88.20%,100.00%,6.74,B+ (3.38),N/A
"Saravia, Paula F",ANSC 148 - Global Health/Cultrl Diversity (A),S114,19,4,100.00%,100.00%,9.5,A- (3.75),N/A
"Rothschild, Amy C",ANTH 1 - Introduction to Culture (A),S114,23,8,87.50%,87.50%,7.75,B+ (3.63),B+ (3.64)
"Fontana, Erica L",ANTH 103 - Social Anthropology (A),S114,9,2,100.00%,100.00%,10.5,B (3.00),N/A
"Stewart, Alexander B",ANTH 23 - Debating Multiculturalism (A),S114,47,33,93.90%,97.00%,4.98,B+ (3.61),B (3.28)
"Levy, Thomas E","ANAR 143 - Archeology, Anthr & the Bible (A)",SP14,38,25,64.00%,72.00%,5.8,B (3.08),B- (2.76)
"Braswell, Geoffrey E.",ANAR 154 - The Aztecs & Their Ancestors (A),SP14,42,25,91.30%,100.00%,4.24,B+ (3.40),B (3.03)
"Strum, Shirley C.",ANBI 132 - Conservation&Human Predicament (A),SP14,22,11,81.80%,90.90%,4.14,B (3.20),B- (2.74)
"Woodruff, David S",ANBI 132 - Conservation&Human Predicament (A),SP14,22,11,72.70%,90.90%,4.86,B+ (3.40),B- (2.74)
"Sutton, Mark Quincey",ANBI 145 - Bioarchaeology (A),SP14,15,11,81.80%,81.80%,7.05,B (3.09),N/A
"Pav, Brent R.",ANBI 173 - Cognition in Animals & Humans (A),SP14,54,25,96.00%,92.00%,2.98,A- (3.80),A- (3.74)
"Jenkins, Janis A.",ANSC 100 - Spec Top/Socio-Cultural Anthro (A),SP14,38,17,100.00%,100.00%,3.21,B+ (3.69),B+ (3.62)
"Luna, Sarah L",ANSC 100 - Spec Top/Socio-Cultural Anthro (B),SP14,9,2,50.00%,100.00%,1.5,A (4.00),N/A
"Pedersen, David",ANSC 107 - Meaning/Symbols in Social Life (A),SP14,16,5,60.00%,80.00%,3.3,B (3.20),N/A
"Haviland, John B.",ANSC 116 - Languages of Americas: Mayan (A),SP14,11,5,75.00%,75.00%,5,A (4.00),N/A
"Csordas, Thomas J.",ANSC 129 - Meaning and Healing (A),SP14,34,17,88.20%,70.60%,6.03,B+ (3.59),B+ (3.50)
"Postero, Nancy Grey",ANSC 140 - Human Rights II: Contemp Issue (A),SP14,40,16,100.00%,100.00%,4.5,B+ (3.54),B+ (3.46)
"Lewis, Leslie R",ANSC 147 - Global Health/ Environment (A),SP14,33,24,100.00%,100.00%,3.98,A- (3.84),A- (3.82)
"Jenkins, Janis A.",ANSC 150 - Culture and Mental Health (A),SP14,27,16,93.30%,93.30%,4.9,A- (3.79),B+ (3.60)
"Kramer, Elise A.","ANSC 162 - Language, Identity & Community (A)",SP14,60,28,88.90%,96.30%,3.39,A- (3.75),B+ (3.47)
"Fortier, Jana",ANSC 165 - Contemporary South Asia (A),SP14,15,5,100.00%,100.00%,5.3,A- (3.80),N/A
"Parish, Steven Martin",ANSC 168 - The Human Condition (A),SP14,59,21,100.00%,100.00%,4.18,A- (3.94),A- (3.79)
"Kramer, Elise A.",ANTH 103 - Social Anthropology (A),SP14,88,44,83.70%,76.70%,3.71,B+ (3.55),B+ (3.38)
"Luna, Sarah L",ANTH 23 - Debating Multiculturalism (A),SP14,238,78,78.40%,81.10%,3.04,B+ (3.31),B- (2.89)
"Levy, Thomas E",ANTH 3 - World Prehistory (A),SP14,80,36,74.20%,83.90%,2.76,B+ (3.44),B (3.07)
"Pav, Brent R.",ANTH 42 - Study of Primates in Nature (A),SP14,27,9,88.90%,77.80%,4.06,B+ (3.50),B (3.17)
"Jordan, David K.",ANTH 87 - Freshman Seminar (A),SP14,11,2,100.00%,100.00%,1.5,N/A,N/A
"Jordan, David K.",ANTH 87 - Freshman Seminar (B),SP14,11,7,100.00%,100.00%,1.7,N/A,N/A
"Levy, Thomas E",ANAR 111 - Anthropological Archaeology (A),WI14,32,11,90.90%,100.00%,4.86,B+ (3.44),B (3.29)
"Goldstein, Paul S",ANAR 158 - The Inca: Empire of the Andes (A),WI14,28,9,100.00%,100.00%,4.28,B+ (3.63),B+ (3.37)
"Algaze, Guillermo",ANAR 182 - Origin/Agriculture & Sedentism (A),WI14,19,11,90.00%,90.00%,5.3,A- (3.89),B+ (3.67)
"Semendeferi, Ekaterini",ANBI 109 - Brain Mind Workshop (A),WI14,18,13,92.30%,92.30%,1.58,A (4.00),N/A
"Pedersen, David",ANSC 100 - Spec Top/Socio-Cultural Anthro (A),WI14,6,4,75.00%,75.00%,5,B+ (3.67),N/A
"Kramer, Elise A.","ANSC 109 - Jokes, Monsters, and Strangers (A)",WI14,30,17,70.60%,70.60%,4.26,B (3.29),B (3.06)
"Kramer, Elise A.",ANSC 122 - Language in Society (A),WI14,42,17,86.70%,86.70%,3.97,B+ (3.54),B (3.18)
"Brenner, Suzanne A",ANSC 124 - Cultural Anthropology (A),WI14,39,18,94.10%,100.00%,5.21,A- (3.82),A- (3.72)
"Postero, Nancy Grey",ANSC 142 - Anthropology of Latin America (A),WI14,33,14,92.90%,100.00%,5.07,A- (3.86),B+ (3.55)
"Jenkins, Janis A.",ANSC 148 - Global Health/Cultrl Diversity (A),WI14,66,28,65.40%,65.40%,4.88,B+ (3.63),B (3.25)
"Brenner, Suzanne A",ANSC 154 - Gender and Religion (A),WI14,17,10,100.00%,90.00%,6.1,A- (3.80),A- (3.86)
"Fortier, Jana",ANSC 169 - Culture & Envr/Resrch Sem/Prac (B),WI14,9,3,100.00%,100.00%,5.83,A (4.00),N/A
"Luna, Sarah L",ANSC 174 - Sex / Money: the Anth/Sex Work (A),WI14,24,15,93.30%,93.30%,3.57,A- (3.80),B+ (3.65)
"Pav, Brent R.",ANTH 102 - Humans Are Cultural Animals (A),WI14,86,39,92.10%,84.20%,3.91,B+ (3.46),B (3.26)
"Algaze, Guillermo",ANTH 147 - Understanding/Human Social Ord (A),WI14,8,3,100.00%,100.00%,15.83,A (4.00),A- (3.94)
"Friedman, Jonathan A",ANTH 147 - Understanding/Human Social Ord (A),WI14,10,3,100.00%,100.00%,15.83,A (4.00),N/A
"Pav, Brent R.",ANTH 2 - Human Origins (A),WI14,139,74,88.20%,92.60%,3.91,B (3.07),B (3.29)
"Luna, Sarah L",ANTH 21 - Race and Racisms (A),WI14,108,42,83.30%,78.60%,3.55,A- (3.77),B+ (3.57)
"Lewis, Leslie R",ANTH 23 - Debating Multiculturalism (A),WI14,231,112,91.50%,95.30%,4.5,B+ (3.63),B+ (3.51)
"Pav, Brent R.",ANBI 111 - Adv Priciples/Human Evolution (A),FA13,30,9,100.00%,87.50%,6.5,B+ (3.67),B+ (3.36)
"Schoeninger, Margaret J",ANBI 141 - The Evolution of Human Diet (A),FA13,62,31,93.50%,96.80%,4.44,B+ (3.57),B- (2.92)
"Schoeninger, Margaret J",No CAPEs submitted,FA13,1,0,N/A,N/A,N/A,N/A,N/A
"Stasch, Rupert S",ANSC 108 - Tourism and Global Culture (A),FA13,47,24,95.80%,95.80%,3.92,A- (3.79),A- (3.72)
"Kramer, Elise A.",ANSC 118 - Language and Culture (A),FA13,20,5,60.00%,60.00%,4.9,B+ (3.50),C+ (2.47)
"van den Hout, Charlotte Emma",ANSC 121 - Psychological Anthropology (B),FA13,18,6,83.30%,83.30%,6.5,B+ (3.67),N/A
"Friedman, Jonathan A",ANSC 123 - Political Anthropology (A),FA13,22,10,70.00%,80.00%,4.9,B+ (3.33),B+ (3.60)
"Brenner, Suzanne A","ANSC 125 - Gender, Sexuality, & Society (A)",FA13,75,47,100.00%,97.80%,5.39,A- (3.82),A- (3.70)
"van den Hout, Charlotte Emma",ANSC 126 - Childhood and Adolescence (A),FA13,69,33,96.80%,96.80%,4.63,B+ (3.65),A- (3.81)
"Csordas, Thomas J.",ANSC 145 - Indigenous People/Nrth America (A),FA13,58,28,70.40%,63.00%,4.94,B+ (3.39),B- (2.85)
"Csordas, Thomas J.",ANSC 146 - Global Health Persp/HIV (A),FA13,15,5,100.00%,75.00%,2.5,A (4.00),N/A
"Lewis, Leslie R",ANTH 1 - Introduction to Culture (A),FA13,192,105,92.90%,93.90%,4.19,B+ (3.62),B+ (3.55)
"Goldstein, Paul S",ANTH 101 - Foundations/Social Complexity (A),FA13,93,43,85.70%,88.10%,4.5,B+ (3.63),B+ (3.69)
"Pav, Brent R.",ANTH 21 - Race and Racisms (A),FA13,64,36,83.30%,86.10%,3.93,B+ (3.63),B+ (3.36)
"Kramer, Elise A.",ANTH 23 - Debating Multiculturalism (A),FA13,394,172,82.90%,85.40%,3.23,B+ (3.48),B (3.21)
"Postero, Nancy Grey",ANTH 87 - Freshman Seminar (A),FA13,6,5,100.00%,100.00%,4.9,N/A,N/A
"Braswell, Geoffrey E.",No CAPEs submitted,S213,9,0,N/A,N/A,N/A,N/A,N/A
"Plunger, Elizabeth M",ANAR 111 - Anthropological Archaeology (A),S213,8,3,100.00%,100.00%,2.5,B+ (3.67),N/A
"Braswell, Geoffrey E.",No CAPEs submitted,S213,9,0,N/A,N/A,N/A,N/A,N/A
"Beasley, Melanie Marie",ANBI 143 - The Human Skeleton (A),S213,23,21,90.50%,95.20%,4.5,B+ (3.61),B+ (3.43)
"Elinoff, Eli Asher",ANSC 123 - Political Anthropology (A),S213,9,2,50.00%,50.00%,6.5,B (3.00),N/A
"Dawley, William C","ANSC 125 - Gender, Sexuality, & Society (A)",S213,6,4,100.00%,100.00%,8.5,B (3.25),N/A
"Parish, Steven Martin",ANSC 166 - Film and Culture in Asia (A),S213,22,5,100.00%,75.00%,4,A (4.00),A- (3.92)
"Parish, Steven Martin",ANSC 167 - Rituals and Celebrations (A),S213,15,2,100.00%,100.00%,5.5,B (3.00),N/A
"Montesinos, Jorge Roberto",ANTH 1 - Introduction to Culture (A),S213,17,3,100.00%,100.00%,3.17,A (4.00),N/A
"Boswell, Alicia M",ANAR 156 - Archaeology of South America (A),S113,11,1,100.00%,100.00%,0,N/A,N/A
"Goldstein, Paul S",ANAR 158GS - The Inca (A),S113,10,4,100.00%,100.00%,4,A- (3.75),N/A
"Goldstein, Paul S","ANAR 159GS - ""1492"" : Coexist, Crusade (A)",S113,10,3,100.00%,100.00%,3.5,A (4.00),N/A
"Klimova, Julia Germanovna",ANSC 120 - Anthropology of Religion (A),S113,4,1,100.00%,100.00%,2.5,A (4.00),N/A
"McComsey, Melanie E",ANSC 122 - Language in Society (A),S113,15,8,87.50%,87.50%,4,B+ (3.40),N/A
"Saravia, Paula F",ANSC 148 - Global Health/Cultrl Diversity (A),S113,21,4,100.00%,100.00%,5,B (3.25),B+ (3.64)
"Volta, Beniamino P",ANTH 101 - Foundations/Social Complexity (A),S113,10,5,100.00%,100.00%,3.5,A (4.00),N/A
"Beasley, Melanie Marie",ANTH 2 - Human Origins (A),S113,24,8,71.40%,100.00%,4.21,A (4.00),B (3.25)
"Keyes, David G",ANTH 23 - Debating Multiculturalism (A),S113,52,19,84.20%,94.70%,6.61,A- (3.77),B+ (3.37)
"Zborover, Dan A",ANAR 105 - Arch/Literate Soc/Mesoamerica (A),SP13,15,6,100.00%,100.00%,3.7,B+ (3.40),N/A
"Maeir, Aren M",ANAR 125 - Weapons/Warfare/Anct N. East (A),SP13,49,21,90.00%,95.00%,3.4,A- (3.83),B+ (3.59)
"Goldstein, Paul S",ANAR 156 - Archaeology of South America (A),SP13,19,8,87.50%,100.00%,3.25,B+ (3.43),N/A
"Strum, Shirley C.",ANBI 109 - Brain Mind Workshop (B),SP13,8,2,100.00%,100.00%,1.5,N/A,N/A
"Wakefield, Monica",ANBI 111 - Adv Priciples/Human Evolution (A),SP13,57,28,96.30%,100.00%,4.06,B+ (3.37),B (3.27)
"Strum, Shirley C.",ANBI 132 - Conservation&Human Predicament (A),SP13,26,12,91.70%,91.70%,4,B+ (3.40),B- (2.77)
"Woodruff, David S",ANBI 132 - Conservation&Human Predicament (A),SP13,26,12,91.70%,91.70%,4.17,B+ (3.45),B- (2.77)
"Wakefield, Monica",ANBI 148 - Primate Behavioral Ecology (A),SP13,15,8,100.00%,100.00%,4.75,A- (3.75),N/A
"Bialecki, Jon Anthony",ANSC 104 - Anthropology of Fantasy (A),SP13,40,17,76.50%,82.40%,6.85,B+ (3.57),B+ (3.63)
"Woolard, Kathryn A","ANSC 113 - Lang, Style & Youth Identities (A)",SP13,30,16,68.80%,87.50%,3.97,B (3.07),B+ (3.31)
"Haviland, John B.","ANSC 119 - Gesture, Communication & Body (A)",SP13,7,5,100.00%,100.00%,4.5,B (3.00),N/A
"Bialecki, Jon Anthony",ANSC 121 - Psychological Anthropology (A),SP13,30,19,73.70%,84.20%,4.82,B+ (3.65),B+ (3.43)
"Brenner, Suzanne A","ANSC 125 - Gender, Sexuality, & Society (A)",SP13,83,31,80.00%,83.30%,4.16,B+ (3.38),B+ (3.52)
"Ozyurek, Esra",ANSC 134 - Global Islam (A),SP13,30,12,75.00%,58.30%,3.83,A- (3.83),A- (3.95)
"Jordan, David K.",ANSC 137 - Chinese Popular Religion (A),SP13,25,12,100.00%,100.00%,3.83,B+ (3.30),B+ (3.46)
"Postero, Nancy Grey",ANSC 140 - Human Rights II: Contemp Issue (A),SP13,32,16,100.00%,93.80%,5.43,B (3.25),B+ (3.35)
"Jenkins, Janis A.",ANSC 148 - Global Health/Cultrl Diversity (A),SP13,67,29,100.00%,89.70%,3.88,B+ (3.56),B+ (3.54)
"SYVERTSEN, JENNIFER",ANSC 164 - Intro to Medical Anthropology (A),SP13,55,47,100.00%,89.40%,4.33,B+ (3.67),A- (3.70)
"Hankins, Joseph D.",ANTH 103 - Social Anthropology (A),SP13,81,42,90.20%,95.10%,5.05,B+ (3.67),B+ (3.56)
"Jenkins, Janis A.",No CAPEs submitted,SP13,3,0,N/A,N/A,N/A,N/A,N/A
"Parish, Steven Martin",No CAPEs submitted,SP13,1,0,N/A,N/A,N/A,N/A,N/A
"Schoeninger, Margaret J",No CAPEs submitted,SP13,3,0,N/A,N/A,N/A,N/A,N/A
"Semendeferi, Ekaterini",No CAPEs submitted,SP13,1,0,N/A,N/A,N/A,N/A,N/A
"Stasch, Rupert S",No CAPEs submitted,SP13,1,0,N/A,N/A,N/A,N/A,N/A
"Woolard, Kathryn A",No CAPEs submitted,SP13,1,0,N/A,N/A,N/A,N/A,N/A
"Goldsmith, Trevor A",No CAPEs submitted,SP13,2,0,N/A,N/A,N/A,N/A,N/A
"Sutton, Mark Quincey",ANTH 3 - World Prehistory (A),SP13,80,27,88.90%,92.60%,2.87,A- (3.87),A- (3.71)
"Goldsmith, Trevor A",ANTH 4 - Words/Worlds/Intro to AN/Lang (A),SP13,7,2,100.00%,100.00%,3.5,B (3.00),N/A
"Jordan, David K.",ANTH 87 - Freshman Seminar (A),SP13,24,12,66.70%,83.30%,2.67,A (4.00),N/A
"Braswell, Geoffrey E.",ANAR 100 - Spec Topics/Anth Archaeology (B),WI13,14,6,100.00%,100.00%,5.83,B (3.00),N/A
"Semendeferi, Ekaterini",ANBI 109 - Brain Mind Workshop (A),WI13,13,8,100.00%,87.50%,2,N/A,N/A
"Bienvenu, Thibaut L",ANBI 140 - Evolution of Human Brain (A),WI13,53,17,88.20%,64.70%,3.79,B (3.29),B+ (3.33)
"Schoeninger, Margaret J",ANBI 146 - Stable Isotopes in Ecology (A),WI13,11,5,80.00%,80.00%,5.7,B+ (3.50),N/A
"Bialecki, Jon Anthony",ANSC 120 - Anthropology of Religion (A),WI13,50,19,66.70%,88.90%,5.06,B+ (3.53),B+ (3.46)
"Woolard, Kathryn A",ANSC 122 - Language in Society (A),WI13,49,20,85.00%,95.00%,3.9,B (3.25),B- (2.95)
"Brenner, Suzanne A",ANSC 124 - Cultural Anthropology (A),WI13,66,28,78.60%,92.90%,4.79,B+ (3.54),B+ (3.49)
"Jordan, David K.",ANSC 136 - Traditional Chinese Society (A),WI13,39,15,86.70%,93.30%,4.23,B+ (3.33),B+ (3.32)
"Goldsmith, Trevor A",ANSC 157 - Imagining City/Comm in Mod Eur (A),WI13,4,2,100.00%,100.00%,4.5,B (3.00),N/A
"Wakefield, Monica",ANTH 102 - Humans Are Cultural Animals (A),WI13,107,46,82.20%,91.10%,5.26,B+ (3.39),B (3.04)
"Algaze, Guillermo",ANTH 147 - Understanding/Human Social Ord (A),WI13,12,4,100.00%,100.00%,9.5,B+ (3.67),N/A
"Friedman, Jonathan K.",ANTH 147 - Understanding/Human Social Ord (A),WI13,12,4,100.00%,100.00%,8.5,B+ (3.67),N/A
"Semendeferi, Ekaterini",No CAPEs submitted,WI13,4,0,N/A,N/A,N/A,N/A,N/A
"Algaze, Guillermo",No CAPEs submitted,WI13,1,0,N/A,N/A,N/A,N/A,N/A
"Braswell, Geoffrey E.",No CAPEs submitted,WI13,1,0,N/A,N/A,N/A,N/A,N/A
"Brenner, Suzanne A",No CAPEs submitted,WI13,1,0,N/A,N/A,N/A,N/A,N/A
"Csordas, Thomas J.",No CAPEs submitted,WI13,2,0,N/A,N/A,N/A,N/A,N/A
"Levy, Thomas E",No CAPEs submitted,WI13,1,0,N/A,N/A,N/A,N/A,N/A
"Parish, Steven Martin",No CAPEs submitted,WI13,1,0,N/A,N/A,N/A,N/A,N/A
"Schoeninger, Margaret J",No CAPEs submitted,WI13,2,0,N/A,N/A,N/A,N/A,N/A
"Semendeferi, Ekaterini",No CAPEs submitted,WI13,1,0,N/A,N/A,N/A,N/A,N/A
"Stasch, Rupert S",No CAPEs submitted,WI13,1,0,N/A,N/A,N/A,N/A,N/A
"Strum, Shirley C.",No CAPEs submitted,WI13,1,0,N/A,N/A,N/A,N/A,N/A
"Woolard, Kathryn A",No CAPEs submitted,WI13,1,0,N/A,N/A,N/A,N/A,N/A
"Braswell, Geoffrey E.",No CAPEs submitted,WI13,7,0,N/A,N/A,N/A,N/A,N/A
"Jenkins, Janis A.",No CAPEs submitted,WI13,5,0,N/A,N/A,N/A,N/A,N/A
"Schoeninger, Margaret J",No CAPEs submitted,WI13,1,0,N/A,N/A,N/A,N/A,N/A
"Schoeninger, Margaret J",No CAPEs submitted,WI13,1,0,N/A,N/A,N/A,N/A,N/A
"Wakefield, Monica",ANTH 2 - Human Origins (A),WI13,182,69,87.90%,95.50%,4.07,B (3.30),B (3.18)
"Jordan, David K.",ANTH 87 - Freshman Seminar (A),WI13,15,12,100.00%,100.00%,1.5,A (4.00),N/A
"Levy, Thomas E",ANAR 111 - Anthropological Archaeology (A),FA12,6,1,0.00%,0.00%,2.5,A (4.00),N/A
"Braswell, Geoffrey E.",ANAR 153 - The Mysterious Maya (B),FA12,26,20,100.00%,100.00%,4.7,B (3.24),B (3.03)
"Levy, Thomas E",ANAR 185 - Middle East Desert Cultrl Ecol (A),FA12,8,1,100.00%,0.00%,20.5,A (4.00),N/A
"Levy, Thomas E",ANAR 190 - Mid. E. Archaeological Fld Scl (A),FA12,8,1,100.00%,100.00%,20.5,A (4.00),N/A
"Levy, Thomas E",No CAPEs submitted,FA12,1,0,N/A,N/A,N/A,N/A,N/A
"Semendeferi, Ekaterini",ANBI 109 - Brain Mind Workshop (A),FA12,11,5,100.00%,100.00%,2.5,N/A,N/A
"Wakefield, Monica",ANBI 173 - Cognition in Animals & Humans (A),FA12,54,25,100.00%,100.00%,3.5,A- (3.82),B+ (3.66)
"Csordas, Thomas J.",ANSC 100 - Spec Top/Socio-Cultural Anthro (A),FA12,11,6,66.70%,50.00%,6.83,A (4.00),N/A
"Friedman, Jonathan K.",ANSC 100 - Spec Top/Socio-Cultural Anthro (B),FA12,10,3,100.00%,100.00%,6.5,A (4.00),N/A
"Goldsmith, Trevor A",ANSC 118 - Language and Culture (A),FA12,35,19,50.00%,44.40%,7,B+ (3.36),B (3.15)
"Caperna, Joseph C.",ANSC 146 - Global Health Persp/HIV (A),FA12,15,6,83.30%,83.30%,3.83,B+ (3.67),N/A
"Csordas, Thomas J.",ANSC 146 - Global Health Persp/HIV (A),FA12,15,7,100.00%,100.00%,3.5,A- (3.83),N/A
"Jenkins, Janis A.",ANSC 150 - Culture and Mental Health (A),FA12,50,23,95.20%,85.70%,5.17,A- (3.75),B+ (3.64)
"Parish, Steven Martin",ANSC 170 - Modernity and Human Experience (A),FA12,49,22,76.50%,76.50%,3.56,B+ (3.44),B+ (3.66)
"Bialecki, Jon Anthony",ANSC 189 - Anthropology of End of World (A),FA12,32,18,81.30%,100.00%,5.63,B+ (3.40),B+ (3.51)
"Goldsmith, Trevor A",ANTH 1 - Introduction to Culture (A),FA12,137,75,66.20%,52.30%,4.41,B+ (3.49),B (3.25)
"Algaze, Guillermo",ANTH 101 - Foundations/Social Complexity (A),FA12,101,38,80.60%,91.40%,4.56,A- (3.71),B+ (3.31)
"Levy, Thomas E",ANTH 101 - Foundations/Social Complexity (B),FA12,1,1,100.00%,100.00%,4.5,A (4.00),N/A
"Levy, Thomas E",No CAPEs submitted,FA12,2,0,N/A,N/A,N/A,N/A,N/A
"Semendeferi, Ekaterini",No CAPEs submitted,FA12,12,0,N/A,N/A,N/A,N/A,N/A
"Levy, Thomas E",No CAPEs submitted,FA12,1,0,N/A,N/A,N/A,N/A,N/A
"Jenkins, Janis A.",No CAPEs submitted,FA12,1,0,N/A,N/A,N/A,N/A,N/A
"Schoeninger, Margaret J",No CAPEs submitted,FA12,1,0,N/A,N/A,N/A,N/A,N/A
"Stasch, Rupert S",No CAPEs submitted,FA12,1,0,N/A,N/A,N/A,N/A,N/A
"Ozyurek, Esra",ANTH 23 - Debating Multiculturalism (A),FA12,272,127,63.90%,50.00%,2.86,B+ (3.45),B+ (3.31)
"Schoeninger, Margaret J",ANTH 5 - Intro Human Skeleton (A),FA12,52,25,90.90%,95.50%,4.6,B+ (3.42),B- (2.92)
"Braswell, Geoffrey E.",ANAR 100 - Spec Topics/Anth Archaeology (A),S212,8,1,100.00%,100.00%,10.5,A (4.00),N/A
"Snyder-Frey, Alicia C.",ANSC 122 - Language in Society (A),S212,25,7,100.00%,85.70%,5.93,B+ (3.33),B (3.27)
"Csordas, Thomas J.",ANSC 129 - Meaning and Healing (A),S212,15,5,75.00%,75.00%,11.7,B+ (3.50),N/A
"Elinoff, Eli Asher","ANSC 160 - Nature, Culture, & Environment (A)",S212,8,3,100.00%,100.00%,8.5,B+ (3.67),N/A
"Parish, Steven Martin",ANSC 166 - Film and Culture in Asia (A),S212,33,11,100.00%,100.00%,6.86,A- (3.90),A- (3.98)
"Plunger, Elizabeth M",ANTH 101 - Foundations/Social Complexity (A),S212,19,6,100.00%,100.00%,6.17,A (4.00),N/A
"Peeters, Marisa L",ANTH 103 - Social Anthropology (A),S212,12,2,50.00%,100.00%,6.5,B (3.00),N/A
"Peterson, Mary E.",ANTH 2 - Human Origins (A),S212,22,7,71.40%,100.00%,8.21,B+ (3.50),B (3.20)
"Karis, Timothy Daniel",ANTH 23 - Debating Multiculturalism (A),S212,53,16,68.80%,87.50%,7.25,B (3.22),B (3.06)
"Goldstein, Paul S",ANAR 119S - Archaeological Field & Lab Cls (A),S112,14,5,100.00%,100.00%,9.7,A (4.00),N/A
"Goldstein, Paul S",ANAR 157S - Early Empires of the Andes (A),S112,11,5,100.00%,100.00%,10.5,A (4.00),N/A
"Beasley, Melanie Marie",ANBI 143 - The Human Skeleton (A),S112,25,15,100.00%,93.30%,5.43,B+ (3.50),B+ (3.34)
"Gideonse, Theodore Karwoski","ANSC 125 - Gender, Sexuality, & Society (A)",S112,18,14,100.00%,100.00%,7.64,A- (3.71),B (3.27)
"Saravia, Paula F",ANSC 128 - Culture and Emotion (A),S112,8,2,50.00%,50.00%,6.5,A (4.00),N/A
"Pimentel Walker, Ana Paula",ANSC 142 - Anthropology of Latin America (A),S112,9,3,100.00%,100.00%,7.83,A (4.00),N/A
"Parish, Steven Martin",ANSC 167 - Rituals and Celebrations (A),S112,17,4,100.00%,100.00%,6.5,B+ (3.50),B+ (3.55)
"Eliot, Krista Shawn",ANTH 1 - Introduction to Culture (A),S112,23,15,100.00%,86.70%,5.57,A- (3.79),B+ (3.62)
"Algaze, Guillermo",ANTH 3 - World Prehistory (A),S112,15,6,100.00%,100.00%,5.17,B+ (3.33),N/A
"Wild, Kyleb D.",ANTH 42 - Study of Primates in Nature (A),S112,6,1,100.00%,100.00%,4.5,A (4.00),N/A
"Levy, Thomas E",ANAR 100 - Spec Topics/Anth Archaeology (A),SP12,20,7,85.70%,85.70%,6.79,A (4.00),A (4.00)
"Levy, Thomas E","ANAR 143 - Archeology, Anthr & the Bible (A)",SP12,49,24,66.70%,70.80%,3.89,B+ (3.60),B+ (3.69)
"Wakefield, Monica",ANBI 116 - Evolution/Primate Reproduction (A),SP12,74,33,87.90%,90.90%,5.25,B+ (3.43),B (3.20)
"Strum, Shirley C.",ANBI 132 - Conservation&Human Predicament (A),SP12,107,50,94.00%,88.00%,5.36,B (3.20),B- (2.85)
"Strum, Shirley C.",ANBI 132 - Conservation&Human Predicament (A),SP12,18,9,100.00%,100.00%,5.17,B (3.11),B- (2.85)
"Woodruff, David S",ANBI 132 - Conservation&Human Predicament (A),SP12,18,9,100.00%,100.00%,5.75,B (3.11),B- (2.85)
"Woodruff, David S",ANBI 132 - Conservation&Human Predicament (A),SP12,107,51,94.00%,94.00%,5.44,B (3.20),B- (2.85)
"Semendeferi, Ekaterini",ANBI 140 - Evolution of Human Brain (A),SP12,17,7,85.70%,85.70%,4.5,B+ (3.57),N/A
"Yarris, Kristin E",ANSC 100 - Spec Top/Socio-Cultural Anthro (A),SP12,21,17,94.10%,100.00%,6.5,B+ (3.60),A- (3.83)
"Bialecki, Jon Anthony",ANSC 100 - Spec Top/Socio-Cultural Anthro (B),SP12,23,7,100.00%,100.00%,3.36,B+ (3.57),B+ (3.48)
"Jordan, David K.",ANSC 100 - Spec Top/Socio-Cultural Anthro (C),SP12,22,9,100.00%,88.90%,4.28,B+ (3.38),B (3.09)
"Pedersen, David",ANSC 100 - Spec Top/Socio-Cultural Anthro (D),SP12,14,7,42.90%,42.90%,2.79,A- (3.86),N/A
"Ozyurek, Esra",ANSC 100 - Spec Top/Socio-Cultural Anthro (E),SP12,9,5,100.00%,100.00%,4.5,B+ (3.60),N/A
"Haviland, John B.",ANSC 100 - Spec Top/Socio-Cultural Anthro (F),SP12,10,4,100.00%,100.00%,3.5,A (4.00),N/A
"Hankins, Joseph D.",ANSC 100 - Spec Top/Socio-Cultural Anthro (G),SP12,12,7,100.00%,100.00%,8.21,A- (3.71),N/A
"Stasch, Rupert S","ANSC 109 - Jokes, Monsters, and Strangers (A)",SP12,104,50,91.80%,93.90%,4.38,B+ (3.68),B+ (3.37)
"Yarris, Kristin E",ANSC 121 - Psychological Anthropology (A),SP12,50,32,90.60%,90.60%,7.06,B+ (3.61),B+ (3.64)
"Postero, Nancy Grey",ANSC 140 - Human Rights II: Contemp Issue (B),SP12,20,12,90.90%,90.90%,6.1,B+ (3.67),B+ (3.38)
"Postero, Nancy Grey",ANSC 140 - Human Rights II: Contemp Issue (B),SP12,23,11,100.00%,100.00%,5.23,B+ (3.67),B+ (3.38)
"Woolard, Kathryn A","ANSC 162 - Language, Identity & Community (A)",SP12,41,21,76.20%,90.50%,5.83,B (3.22),B (3.07)
"Parish, Steven Martin",ANSC 172 - Life-History Seminar&Practicum (A),SP12,9,2,100.00%,100.00%,5.5,A (4.00),N/A
"Bialecki, Jon Anthony",ANTH 103 - Social Anthropology (B),SP12,98,40,85.00%,92.50%,5.1,B+ (3.55),B+ (3.44)
"Fortier, Jana",ANTH 3 - World Prehistory (B),SP12,80,33,75.80%,66.70%,4.44,B (3.24),B (3.04)
"Wakefield, Monica",ANTH 42 - Study of Primates in Nature (A),SP12,34,16,100.00%,100.00%,4.38,B+ (3.53),B+ (3.34)
"Postero, Nancy Grey",ANTH 87 - Freshman Seminar (A),SP12,11,3,100.00%,100.00%,1.83,N/A,N/A
"Algaze, Guillermo",ANAR 100 - Spec Topics/Anth Archaeology (A),WI12,12,5,80.00%,100.00%,7.7,B+ (3.60),N/A
"Goldstein, Paul S",ANAR 100 - Spec Topics/Anth Archaeology (B),WI12,10,4,100.00%,100.00%,5.5,B (3.00),N/A
"Braswell, Geoffrey E.","ANAR 144 - Pharaohs,Mummies:Intro Egyptly (A)",WI12,50,38,92.10%,92.10%,3.96,B+ (3.64),B (3.09)
"Braswell, Geoffrey E.",ANAR 154 - The Aztecs & Their Ancestors (A),WI12,45,35,94.30%,91.40%,5.19,B+ (3.41),B- (2.83)
"Friedman, Jonathan K.",ANSC 100 - Spec Top/Socio-Cultural Anthro (A),WI12,13,6,66.70%,83.30%,8.17,B+ (3.60),N/A
"Stasch, Rupert S",ANSC 107 - Meaning/Symbols in Social Life (A),WI12,46,24,83.30%,95.80%,4.67,A- (3.87),B+ (3.55)
"Haviland, John B.",ANSC 116 - Languages of Americas: Mayan (B),WI12,12,7,71.40%,71.40%,8.83,B+ (3.67),N/A
"Bialecki, Jon Anthony",ANSC 120 - Anthropology of Religion (A),WI12,45,23,66.70%,76.20%,5.02,B+ (3.50),B+ (3.45)
"Woolard, Kathryn A",ANSC 122 - Language in Society (A),WI12,33,21,85.70%,95.20%,4.4,B (3.22),B- (2.96)
"Brenner, Suzanne A","ANSC 125 - Gender, Sexuality, & Society (A)",WI12,113,56,94.50%,89.10%,4.94,B+ (3.56),B+ (3.52)
"Yarris, Kristin E",ANSC 148 - Global Health/Cultrl Diversity (A),WI12,100,55,100.00%,98.20%,5.59,A- (3.72),B+ (3.54)
"Wakefield, Monica",ANTH 102 - Humans Are Cultural Animals (A),WI12,136,68,86.80%,97.10%,5.15,B+ (3.38),B (3.20)
"Wakefield, Monica",ANTH 2 - Human Origins (A),WI12,166,89,83.00%,94.30%,4.99,B+ (3.43),B (3.17)
"Goldstein, Paul S",ANAR 156 - Archaeology of South America (A),FA11,59,26,92.30%,92.30%,5.35,B+ (3.50),B (3.20)
"Levy, Thomas E",ANAR 185 - Middle East Desert Cultrl Ecol (A),FA11,8,2,100.00%,100.00%,14.5,A (4.00),N/A
"Levy, Thomas E",ANAR 190 - Mid. E. Archaeological Fld Scl (A),FA11,8,2,100.00%,100.00%,14.5,A (4.00),N/A
"Wakefield, Monica",ANBI 100 - Spec Topics/Biological Anthrop (A),FA11,34,25,92.00%,100.00%,5.54,B+ (3.61),A- (3.71)
"Wakefield, Monica",ANBI 111 - Adv Priciples/Human Evolution (A),FA11,38,17,82.40%,82.40%,7.56,B+ (3.41),B (3.14)
"Schoeninger, Margaret J",ANBI 141 - The Evolution of Human Diet (A),FA11,79,35,77.10%,85.70%,5.53,B+ (3.35),B (3.25)
"Friedman, Jonathan K.",ANSC 100 - Spec Top/Socio-Cultural Anthro (A),FA11,26,9,33.30%,44.40%,4.5,B (3.00),B+ (3.62)
"Ozyurek, Esra",ANSC 100 - Spec Top/Socio-Cultural Anthro (B),FA11,37,27,73.10%,69.20%,6.81,A- (3.71),B (3.22)
"Bialecki, Jon Anthony",ANSC 100 - Spec Top/Socio-Cultural Anthro (C),FA11,50,25,76.00%,84.00%,6.02,B+ (3.33),B+ (3.50)
"Peacock, Elizabeth A.",ANSC 118 - Language and Culture (B),FA11,34,19,73.70%,66.70%,6.5,B+ (3.38),B- (2.96)
"Yarris, Kristin E",ANSC 144 - Immigrant and Refugee Health (A),FA11,69,47,95.70%,93.60%,5.99,A- (3.80),A- (3.73)
"Fortier, Jana",ANTH 1 - Introduction to Culture (B),FA11,132,61,85.00%,80.00%,5.33,B+ (3.47),B- (2.85)
"Algaze, Guillermo",ANTH 101 - Foundations/Social Complexity (A),FA11,136,69,84.10%,89.70%,5.63,B+ (3.58),B+ (3.38)
"Pedersen, David",ANTH 23 - Debating Multiculturalism (A),FA11,158,70,42.90%,59.40%,5.46,B- (2.74),B- (2.74)
"Jordan, David K.",ANTH 87 - Freshman Seminar (A),FA11,13,9,88.90%,100.00%,1.17,A (4.00),N/A
"Braswell, Geoffrey E.",ANAR 100 - Spec Topics/Anth Archaeology (A),S311,12,8,100.00%,100.00%,10,A (4.00),N/A
"Braswell, Geoffrey E.",ANAR 155S - Stdy Abrd: Ancient Mesoamerica (A),S311,12,8,100.00%,100.00%,10,A (4.00),N/A
"Eliot, Krista Shawn","ANSC 125 - Gender, Sexuality, & Society (A)",S211,19,5,100.00%,100.00%,5.7,A (4.00),N/A
"Elinoff, Eli Asher",ANSC 140 - Human Rights II: Contemp Issue (A),S211,9,5,100.00%,100.00%,10.1,B+ (3.60),N/A
"Elinoff, Eli Asher",ANSC 140 - Human Rights II: Contemp Issue (A),S211,3,2,100.00%,100.00%,9.5,B+ (3.50),N/A
"Gideonse, Theodore Karwoski",ANSC 164 - Intro to Medical Anthropology (A),S211,14,6,83.30%,100.00%,9.17,B+ (3.40),N/A
"Parish, Steven Martin",ANSC 166 - Film and Culture in Asia (A),S211,28,8,100.00%,100.00%,3.25,A- (3.75),B+ (3.67)
"Karis, Timothy Daniel",ANTH 1 - Introduction to Culture (A),S211,19,11,100.00%,90.90%,5.77,B+ (3.44),N/A
"Peterson, Mary E.",ANTH 2 - Human Origins (A),S211,20,18,94.10%,94.10%,6.17,B (3.24),B+ (3.47)
"Goldstein, Paul S",ANAR 119S - Archaeological Field & Lab Cls (A),S111,14,2,100.00%,100.00%,14.5,A (4.00),N/A
"Froehle, Andrew W.",ANBI 143 - The Human Skeleton (A),S111,27,11,81.80%,81.80%,10.68,B (3.18),B- (2.75)
"Klimova, Julia Germanovna",ANSC 120 - Anthropology of Religion (A),S111,16,5,100.00%,100.00%,8.5,A- (3.80),N/A
"Snyder-Frey, Alicia C.",ANSC 122 - Language in Society (A),S111,21,7,85.70%,100.00%,4.79,B+ (3.43),B (3.15)
"Tran, Allen",ANSC 128 - Culture and Emotion (A),S111,15,6,83.30%,83.30%,8.5,B+ (3.40),N/A
"Csordas, Thomas J.",ANSC 129 - Meaning and Healing (A),S111,13,4,100.00%,100.00%,10,B+ (3.50),N/A
"Haynes, Naomi Rae",ANTH 23 - Debating Multiculturalism (A),S111,17,7,100.00%,100.00%,6.21,B+ (3.67),N/A
"Algaze, Guillermo",ANTH 3 - World Prehistory (A),S111,21,12,75.00%,75.00%,3.5,A- (3.70),B+ (3.52)
"Fortier, Jana",ANAR 100 - Spec Topics/Anth Archaeology (B),SP11,15,9,88.90%,77.80%,5.83,B+ (3.50),N/A
"Levy, Thomas E",ANAR 111 - Anthropological Archaeology (A),SP11,46,21,76.20%,85.70%,6.12,B+ (3.30),B (3.15)
"Algaze, Guillermo",ANAR 184 - Political Economy/Early Empire (A),SP11,25,11,100.00%,100.00%,5.3,A- (3.90),B+ (3.64)
"Wakefield, Monica",ANBI 111 - Adv Priciples/Human Evolution (A),SP11,59,33,93.80%,96.80%,4.88,B+ (3.39),B (3.12)
"Strum, Shirley C.",ANBI 132 - Conservation&Human Predicament (A),SP11,215,93,80.90%,78.70%,4.16,N/A,C+ (2.60)
"Woodruff, David S",ANBI 132 - Conservation&Human Predicament (A),SP11,215,97,78.40%,86.60%,4.34,N/A,C+ (2.60)
"Semendeferi, Ekaterini",ANBI 175 - Modeling Behavior/Early Ancest (A),SP11,10,5,100.00%,100.00%,7.7,A- (3.80),N/A
"Bialecki, Jon Anthony",ANSC 100 - Spec Top/Socio-Cultural Anthro (B),SP11,29,14,85.70%,92.90%,5.58,B+ (3.36),A- (3.76)
"Csordas, Thomas J.",ANSC 100 - Spec Top/Socio-Cultural Anthro (C),SP11,34,14,100.00%,85.70%,2.93,B+ (3.64),B (3.22)
"Stasch, Rupert S",ANSC 103 - Photography & Visual Culture (A),SP11,69,34,94.10%,91.20%,5.26,B+ (3.65),B+ (3.42)
"McNeal, Keith",ANSC 110 - Societies & Cultures/Caribbean (A),SP11,49,27,96.20%,100.00%,7.12,B+ (3.69),B+ (3.67)
"Haviland, John B.","ANSC 119 - Gesture, Communication & Body (A)",SP11,32,14,42.90%,57.10%,9.64,B (3.15),B- (2.90)
"McNeal, Keith",ANSC 121 - Psychological Anthropology (A),SP11,59,32,93.80%,90.30%,6.38,A- (3.83),A- (3.75)
"Shafir, Gershon",ANSC 140 - Human Rights II: Contemp Issue (A),SP11,36,14,100.00%,92.90%,3.64,B+ (3.62),B+ (3.44)
"Woolard, Kathryn A","ANSC 162 - Language, Identity & Community (A)",SP11,43,19,84.20%,94.70%,3.45,B+ (3.50),B (3.21)
"Hankins, Joseph D.",ANTH 103 - Social Anthropology (A),SP11,129,93,96.70%,98.90%,5.7,B+ (3.64),B+ (3.56)
"Hankins, Joseph D.",ANTH 21 - Race and Racisms (A),SP11,27,22,100.00%,100.00%,6.68,B+ (3.60),B- (2.92)
"Carter, Tara D",ANTH 3 - World Prehistory (A),SP11,133,62,98.40%,100.00%,3.66,A- (3.72),B+ (3.65)
"Jordan, David K.",ANTH 87 - Freshman Seminar (A),SP11,13,5,100.00%,100.00%,2,N/A,N/A
"Goldstein, Paul S",ANAR 158 - The Inca: Empire of the Andes (A),WI11,71,40,90.00%,92.30%,4.55,B+ (3.38),B+ (3.50)
"Goldstein, Paul S",ANAR 158XL - Forgn Lang Discussion The Inca (A),WI11,3,2,100.00%,100.00%,0.5,N/A,N/A
"Semendeferi, Ekaterini",ANBI 140 - Evolution of Human Brain (A),WI11,70,35,68.60%,68.60%,6.79,B (3.00),B- (2.85)
"Pedersen, David",ANSC 100 - Spec Top/Socio-Cultural Anthro (A),WI11,11,9,88.90%,100.00%,4.94,A- (3.78),N/A
"Bialecki, Jon Anthony",ANSC 100 - Spec Top/Socio-Cultural Anthro (B),WI11,19,15,93.30%,100.00%,5.83,A- (3.71),N/A
"Black, Steve",ANSC 100 - Spec Top/Socio-Cultural Anthro (C),WI11,7,7,100.00%,100.00%,6.79,B+ (3.33),B (3.23)
"Black, Steve",ANSC 100 - Spec Top/Socio-Cultural Anthro (D),WI11,13,7,85.70%,85.70%,9.64,B+ (3.43),B (3.23)
"Stasch, Rupert S",ANSC 108 - Tourism and Global Culture (A),WI11,48,25,95.80%,91.70%,4.9,B+ (3.56),B (3.22)
"Woolard, Kathryn A",ANSC 122 - Language in Society (A),WI11,47,30,76.70%,85.70%,5.81,B (3.21),B- (2.99)
"Brenner, Suzanne A",ANSC 124 - Cultural Anthropology (A),WI11,57,32,90.60%,87.10%,7.66,B+ (3.32),B+ (3.40)
"Jordan, David K.",ANSC 137 - Chinese Popular Religion (A),WI11,59,31,67.70%,74.20%,5.79,B (3.24),B (3.27)
"Jenkins, Janis A.",ANSC 148 - Global Health/Cultrl Diversity (A),WI11,84,61,85.20%,83.30%,6.2,B+ (3.46),B (3.29)
"Wakefield, Monica",ANTH 102 - Humans Are Cultural Animals (A),WI11,112,63,93.70%,93.70%,5.87,B+ (3.54),B- (2.76)
"Wakefield, Monica",ANTH 2 - Human Origins (A),WI11,166,73,72.60%,84.50%,4.61,B (3.17),B- (2.84)
"Jordan, David K.",ANTH 87 - Freshman Seminar (A),WI11,14,10,100.00%,100.00%,2.9,N/A,N/A
"Braswell, Geoffrey E.",ANAR 153 - The Mysterious Maya (A),FA10,114,65,81.50%,83.10%,5.27,B (3.26),B (3.03)
"Wakefield, Monica",ANBI 100 - Spec Topics/Biological Anthrop (A),FA10,69,41,95.00%,82.50%,5.62,B+ (3.42),B (3.14)
"Wakefield, Monica",ANBI 148 - Primate Behavioral Ecology (A),FA10,24,16,93.80%,93.80%,7.75,B+ (3.63),B+ (3.35)
"Black, Steve",ANSC 118 - Language and Culture (A),FA10,42,26,92.30%,100.00%,5.5,B+ (3.42),B+ (3.51)
"Bialecki, Jon Anthony",ANSC 120 - Anthropology of Religion (A),FA10,103,57,83.90%,87.50%,6.54,B+ (3.69),B+ (3.46)
"Csordas, Thomas J.",ANSC 145 - Indigenous People/Nrth America (A),FA10,38,24,87.50%,83.30%,5.42,B (3.09),B (3.16)
"Fortier, Jana",ANTH 1 - Introduction to Culture (A),FA10,206,104,84.60%,89.40%,4.29,B+ (3.38),B (3.13)
"Goldstein, Paul S",ANTH 101 - Foundations/Social Complexity (A),FA10,144,76,78.90%,78.90%,4.71,B+ (3.41),B+ (3.31)
"Pedersen, David",ANTH 23 - Debating Multiculturalism (A),FA10,165,81,71.80%,64.60%,3.78,B+ (3.39),B+ (3.46)
"Goldstein, Paul S",ANTH 87 - Freshman Seminar (A),FA10,4,4,75.00%,100.00%,0.5,N/A,N/A
"Jordan, David K.",ANTH 87 - Freshman Seminar (B),FA10,12,9,100.00%,88.90%,2,A (4.00),N/A
"Parish, Steven Martin",ANTH 87 - Freshman Seminar (C),FA10,16,7,100.00%,85.70%,1.07,A (4.00),N/A
"Froehle, Andrew W.",ANBI 143 - The Human Skeleton (A),SU10,23,8,100.00%,100.00%,9.25,B+ (3.50),N/A
"Snyder-Frey, Alicia C.",ANSC 118 - Language and Culture (A),SU10,7,2,100.00%,100.00%,4.5,B+ (3.50),N/A
"Peacock, Elizabeth A.",ANSC 122 - Language in Society (A),SU10,23,12,75.00%,63.60%,5.33,B+ (3.64),N/A
"Eliot, Krista Shawn","ANSC 125 - Gender, Sexuality, & Society (A)",SU10,25,11,81.80%,81.80%,9.23,B+ (3.50),N/A
"Hallman, Heather Spector",ANSC 126 - Childhood and Adolescence (A),SU10,11,4,100.00%,100.00%,7.5,B+ (3.50),N/A
"Parish, Steven Martin",ANSC 167 - Rituals and Celebrations (A),SU10,24,7,100.00%,100.00%,9.07,A- (3.83),N/A
"Thornton, Brendan Jamal",ANTH 1 - Introduction to Culture (A),SU10,20,6,100.00%,100.00%,3.5,A (4.00),N/A
"Wild, Kyleb D.",ANTH 2 - Human Origins (A),SU10,25,17,94.10%,94.10%,6.15,A- (3.87),N/A
"Miller, Katherine J.",ANTH 23 - Debating Multiculturalism (A),SU10,22,8,87.50%,87.50%,7.5,B+ (3.67),N/A
"Algaze, Guillermo",ANTH 3 - World Prehistory (A),SU10,19,3,100.00%,100.00%,3.83,B+ (3.67),N/A
"Barger, Nicole L.",ANTH 42 - Study of Primates in Nature (A),SU10,10,3,100.00%,100.00%,5.17,A (4.00),N/A
"Goldstein, Paul S",ANAR 100 - Spec Topics/Anth Archaeology (A),SP10,8,3,100.00%,100.00%,3.17,A (4.00),N/A
"Levy, Thomas E",ANAR 111 - Anthropological Archaeology (A),SP10,41,26,84.60%,65.40%,4.42,B+ (3.46),B (3.16)
"Mazar, Amihai",ANAR 142 - Rise & Fall of Ancient Israel (A),SP10,53,29,96.60%,96.60%,3.88,B+ (3.46),B+ (3.33)
"Semendeferi, Ekaterini",ANBI 109 - Brain Mind Workshop (A),SP10,9,4,100.00%,100.00%,3,N/A,N/A
"Strum, Shirley C.",ANBI 132 - Conservation&Human Predicament (A),SP10,179,101,84.20%,86.10%,5.42,N/A,B- (2.84)
"Woodruff, David S",ANBI 132 - Conservation&Human Predicament (A),SP10,179,105,82.70%,87.40%,5.44,N/A,B- (2.84)
"Pedersen, David",ANSC 100 - Spec Top/Socio-Cultural Anthro (A),SP10,17,10,90.00%,90.00%,3.7,A- (3.80),N/A
"Bialecki, Jon Anthony",ANSC 100 - Spec Top/Socio-Cultural Anthro (B),SP10,20,12,100.00%,100.00%,6.32,B (3.27),B+ (3.61)
"Stasch, Rupert S","ANSC 109 - Jokes, Monsters, and Strangers (A)",SP10,64,34,79.40%,67.60%,3.79,B+ (3.33),B+ (3.32)
"Woolard, Kathryn A",ANSC 112 - Linguistic Anthropology Wkshp (A),SP10,6,3,100.00%,100.00%,2.5,A (4.00),N/A
"McNeal, Keith",ANSC 121 - Psychological Anthropology (A),SP10,49,31,90.30%,93.50%,6.18,B+ (3.47),B+ (3.61)
"Postero, Nancy Grey",ANSC 140 - Human Rights II: Contemp Issue (A),SP10,54,28,92.90%,100.00%,6.93,B+ (3.63),B+ (3.58)
"Hurst, Samantha",ANSC 164 - The Anthropology of Medicine (A),SP10,61,28,85.70%,88.90%,4.5,A- (3.71),B (3.17)
"Parish, Steven Martin",ANSC 168 - The Human Condition (A),SP10,30,14,100.00%,100.00%,4.79,B+ (3.50),B+ (3.64)
"Parish, Steven Martin",ANSC 172 - Life-History Seminar&Practicum (A),SP10,15,9,100.00%,100.00%,3.83,A- (3.89),N/A
"Hankins, Joseph D.",ANTH 103 - Social Anthropology (A),SP10,123,87,96.60%,98.90%,5.83,B+ (3.49),B (3.21)
"Muniz, Adolfo A",ANTH 3 - World Prehistory (A),SP10,94,52,86.30%,88.20%,3.81,B+ (3.41),B (3.07)
"Moore, James J",ANTH 42 - Study of Primates in Nature (A),SP10,49,20,95.00%,95.00%,4.5,B (3.22),B (3.04)
"Jordan, David K.",ANTH 87 - Freshman Seminar (A),SP10,17,11,90.90%,90.90%,0.86,N/A,N/A
"Jenkins, Janis A.",ANTH 87 - Freshman Seminar (B),SP10,11,9,87.50%,100.00%,1,A (4.00),N/A
"Moore, James J",ANTH 87 - Freshman Seminar (E),SP10,13,6,66.70%,83.30%,0.5,N/A,N/A
"Algaze, Guillermo",ANAR 100 - Spec Topics/Anth Archaeology (A),WI10,10,3,100.00%,100.00%,7.17,A (4.00),N/A
"Goldstein, Paul S",ANAR 156 - Archaeology of South America (A),WI10,58,26,80.80%,88.50%,5.19,B (3.19),B+ (3.46)
"Friedlander, Nancylee",ANBI 100 - Spec Topics/Biological Anthrop (A),WI10,53,24,91.70%,100.00%,4.08,A- (3.78),A- (3.81)
"Bogart, Stephanie",ANBI 111 - Adv Priciples/Human Evolution (A),WI10,49,22,90.90%,77.30%,5.07,B+ (3.45),B+ (3.39)
"Moore, James J",ANBI 148 - Primate Behavioral Ecology (A),WI10,17,6,100.00%,100.00%,5.5,B+ (3.40),N/A
"McNeal, Keith",ANSC 100 - Spec Top/Socio-Cultural Anthro (A),WI10,30,11,81.80%,81.80%,3.23,A- (3.89),A- (3.76)
"Stasch, Rupert S",ANSC 107 - Meaning/Symbols in Social Life (A),WI10,24,8,100.00%,100.00%,4.5,A (4.00),B+ (3.44)
"Woolard, Kathryn A",ANSC 112 - Linguistic Anthropology Wkshp (A),WI10,7,2,100.00%,100.00%,0.5,N/A,N/A
"Haviland, John B.","ANSC 119 - Gesture, Communication & Body (A)",WI10,24,5,100.00%,100.00%,6.5,B- (2.75),B (3.06)
"Woolard, Kathryn A",ANSC 122 - Language in Society (A),WI10,60,24,83.30%,95.80%,4.75,B+ (3.30),B- (2.90)
"Bialecki, Jon Anthony",ANSC 124 - Cultural Anthropology (A),WI10,31,16,81.30%,81.30%,5,B+ (3.40),B+ (3.56)
"Brenner, Suzanne A","ANSC 125 - Gender, Sexuality, & Society (A)",WI10,79,39,94.90%,97.40%,5.68,B+ (3.65),B+ (3.43)
"Cassaniti, Julia",ANSC 128 - Culture and Emotion (A),WI10,52,32,100.00%,96.80%,6.88,A- (3.77),B+ (3.37)
"Friedlander, Nancylee",ANTH 102 - Humans Are Cultural Animals (A),WI10,120,58,87.90%,89.70%,5.26,B+ (3.70),B+ (3.45)
"Semendeferi, Ekaterini",ANTH 2 - Human Origins (A),WI10,202,85,69.10%,63.00%,3.91,B- (2.89),C+ (2.58)
"Moore, James J",ANTH 87 - Freshman Seminar (B),WI10,8,2,100.00%,100.00%,0.5,N/A,N/A
"Semendeferi, Ekaterini",ANBI 140 - Evolution of Human Brain (A),FA09,115,78,75.00%,81.60%,4.42,B+ (3.49),B- (2.87)
"Schoeninger, Margaret J",ANBI 141 - The Evolution of Human Diet (A),FA09,82,59,91.10%,92.90%,4.33,B+ (3.48),B- (2.85)
"Friedman, Jonathan K.",ANSC 100 - Spec Top/Socio-Cultural Anthro (A),FA09,29,20,60.00%,60.00%,4.1,B (3.22),B+ (3.56)
"Haviland, John B.",ANSC 118 - Language and Culture (A),FA09,25,19,63.20%,84.20%,4.5,B- (2.94),B- (2.86)
"Bialecki, Jon Anthony",ANSC 120 - Anthropology of Religion (A),FA09,53,32,78.10%,87.50%,4.24,B (3.20),B (3.24)
"Cassaniti, Julia",ANSC 126 - Childhood and Adolescence (A),FA09,53,39,94.90%,94.90%,4.65,B+ (3.68),B+ (3.54)
"Cassaniti, Julia",ANSC 129 - Meaning and Healing (A),FA09,41,33,96.90%,96.80%,5.69,B+ (3.62),B+ (3.62)
"Fortier, Jana",ANTH 1 - Introduction to Culture (A),FA09,193,122,87.00%,88.90%,3.68,B+ (3.47),B (3.10)
"Algaze, Guillermo",ANTH 101 - Foundations/Social Complexity (A),FA09,123,96,83.10%,83.30%,4.48,B+ (3.44),B (3.12)
"Pedersen, David",ANTH 23 - Debating Multiculturalism (A),FA09,118,53,80.80%,86.50%,2.54,B+ (3.53),B+ (3.37)
"Moore, James J",ANTH 87 - Freshman Seminar (B),FA09,10,10,100.00%,100.00%,0.9,A (4.00),N/A
"Braswell, Geoffrey E.",ANAR 100 - Spec Topics/Anth Archaeology (A),SU09,18,1,100.00%,100.00%,N/A,A (4.00),N/A
"Goldstein, Paul S",ANAR 119S - Archaeological Field & Lab Cls (A),SU09,14,13,100.00%,100.00%,10.19,A (4.00),N/A
"Braswell, Geoffrey E.",ANAR 145S - Stdy Abrd: Egypt of Pharaohs (A),SU09,19,2,100.00%,100.00%,N/A,A (4.00),N/A
"Froehle, Andrew W.",ANBI 143 - The Human Skeleton (A),SU09,21,7,71.40%,85.70%,10.5,B+ (3.50),N/A
"Parish, Steven Martin",ANSC 167 - Rituals and Celebrations (A),SU09,36,11,90.90%,90.90%,6.14,A- (3.82),N/A
"Vandehey, Scott Lawrence",ANTH 1 - Introduction to Culture (A),SU09,24,10,100.00%,100.00%,6.7,A- (3.70),N/A
"Teffer, Katharine D.",ANTH 2 - Human Origins (A),SU09,25,11,80.00%,80.00%,3.95,B+ (3.63),N/A
"Thornton, Brendan Jamal",ANTH 23 - Debating Multiculturalism (A),SU09,23,12,100.00%,100.00%,4.17,B+ (3.64),N/A
"Muniz, Adolfo A",ANAR 100 - Spec Topics/Anth Archaeology (A),SP09,24,16,100.00%,100.00%,4,B+ (3.69),B+ (3.61)
"Fortier, Jana",ANAR 181 - Archaeology/Hunter Gatherers (A),SP09,11,10,100.00%,100.00%,4.72,B+ (3.50),N/A
"Friedlander, Nancylee",ANBI 100 - Spec Topics/Biological Anthrop (A),SP09,63,37,88.90%,94.60%,3.58,B+ (3.54),B+ (3.40)
"Strum, Shirley C.",ANBI 132 - Conservation&Human Predicament (A),SP09,171,100,98.00%,96.90%,3.11,N/A,B- (2.71)
"Woodruff, David S",ANBI 132 - Conservation&Human Predicament (A),SP09,171,100,98.00%,96.90%,3.11,N/A,B- (2.71)
"Hurst, Samantha",ANBI 143 - The Human Skeleton (A),SP09,38,25,95.80%,100.00%,5.25,B+ (3.48),B (3.09)
"Strum, Shirley C.",ANBI 173 - Cognition in Animals & Humans (A),SP09,14,11,77.80%,100.00%,3.05,B+ (3.60),N/A
"Semendeferi, Ekaterini",ANBI 175 - Modeling Behavior/Early Ancest (A),SP09,21,15,100.00%,100.00%,4.37,B+ (3.53),B+ (3.46)
"Stasch, Rupert S",ANSC 108 - Tourism and Global Culture (A),SP09,31,18,83.30%,83.30%,3.06,B+ (3.53),B+ (3.39)
"Cassaniti, Julia",ANSC 121 - Psychological Anthropology (A),SP09,28,22,86.40%,90.90%,3.95,B+ (3.50),B+ (3.41)
"Brenner, Suzanne A",ANSC 124 - Cultural Anthropology (A),SP09,64,39,97.30%,100.00%,4.76,B+ (3.63),B+ (3.43)
"Montoya Rojas, Ciro Rodrigo",ANSC 135 - Indigenous Peoples/Latin Amer. (A),SP09,20,12,91.70%,75.00%,6.33,B+ (3.64),B+ (3.44)
"Jordan, David K.",ANSC 137 - Chinese Popular Religion (A),SP09,63,48,87.50%,95.70%,4.38,B+ (3.43),B (3.17)
"Carlisle, Steven G","ANSC 139 - Freud, Psychoanalysis, Culture (A)",SP09,16,9,100.00%,100.00%,4.5,B+ (3.33),N/A
"Postero, Nancy Grey",ANSC 140 - Human Rights II: Contemp Issue (A),SP09,113,62,98.40%,96.80%,6.15,B+ (3.49),B (3.21)
"Woolard, Kathryn A","ANSC 162 - Language, Identity & Community (A)",SP09,20,16,68.80%,87.50%,5,B- (2.93),B- (2.80)
"Cassaniti, Julia",ANSC 167 - Rituals and Celebrations (A),SP09,22,14,92.90%,92.90%,5.79,B (3.21),B+ (3.31)
"Simon, Gregory Mark",ANTH 103 - Social Anthropology (A),SP09,114,79,84.60%,77.20%,5.04,B+ (3.42),B- (2.99)
"Pedersen, David",ANTH 23 - Debating Multiculturalism (A),SP09,77,43,83.70%,90.70%,3.02,B+ (3.68),B+ (3.66)
"Algaze, Guillermo",ANTH 3 - World Prehistory (A),SP09,65,33,97.00%,97.00%,2.62,B+ (3.59),B+ (3.35)
"Algaze, Guillermo",ANTH 3 - World Prehistory (B),SP09,107,70,78.60%,78.60%,2.81,B+ (3.40),B+ (3.35)
"Muniz, Adolfo A",ANAR 141 - Prehistory of the Holy Land (A),WI09,18,14,100.00%,92.90%,6.36,B+ (3.62),A (4.00)
"Goldstein, Paul S",ANAR 158 - The Inca: Empire of the Andes (A),WI09,62,41,92.50%,87.50%,3.96,B+ (3.52),B+ (3.47)
"Friedlander, Nancylee",ANBI 100 - Spec Topics/Biological Anthrop (A),WI09,75,35,97.10%,97.10%,3.21,A- (3.89),A- (3.79)
"Semendeferi, Ekaterini",ANBI 103 - Darwin's Legacy (A),WI09,69,67,97.00%,96.90%,3.13,B+ (3.50),B- (2.93)
"Wood, Bernard",ANBI 111 - Adv Priciples/Human Evolution (A),WI09,43,38,89.50%,86.80%,4.23,B (3.26),B+ (3.46)
"Moore, James J",ANBI 159 - Biological&Cult Persptv/Intell (A),WI09,20,12,75.00%,75.00%,3.67,B (3.09),B (3.14)
"Carlisle, Steven G",ANSC 100 - Spec Top/Socio-Cultural Anthro (A),WI09,33,24,91.70%,100.00%,4.17,B+ (3.30),B- (2.87)
"Pedersen, David",ANSC 100 - Spec Top/Socio-Cultural Anthro (B),WI09,15,10,90.00%,90.00%,3.39,B+ (3.50),N/A
"Haviland, John B.","ANSC 119 - Gesture, Communication & Body (A)",WI09,32,17,82.40%,100.00%,5.79,B+ (3.35),B- (2.86)
"Woolard, Kathryn A",ANSC 122 - Language in Society (A),WI09,38,29,92.90%,100.00%,3.5,B+ (3.37),B (3.05)
"Fortier, Jana",ANTH 1 - Introduction to Culture (A),WI09,212,98,87.60%,82.30%,3.4,B+ (3.30),B- (2.96)
"Moore, James J",ANTH 102 - Humans Are Cultural Animals (A),WI09,75,40,84.60%,64.10%,5.15,B (3.22),B (3.20)
"Jordan, David K.",ANTH 87 - Freshman Seminar (A),WI09,16,15,100.00%,100.00%,1.03,N/A,N/A
"Jordan, David K.",ANTH 87 - Freshman Seminar (B),WI09,13,9,100.00%,100.00%,1.17,N/A,N/A
"Muniz, Adolfo A",ANAR 111 - Anthropological Archaeology (A),FA08,38,27,74.10%,81.50%,3.83,B+ (3.46),B+ (3.42)
"Braswell, Geoffrey E.","ANAR 144 - Pharaohs,Mummies:Intro Egyptly (A)",FA08,61,45,100.00%,95.50%,4.23,B+ (3.41),B- (2.88)
"Schoeninger, Margaret J",ANBI 141 - The Evolution of Human Diet (A),FA08,58,38,81.60%,84.20%,4.18,B+ (3.46),C+ (2.51)
"Schoeninger, Margaret J",ANBI 146 - Stable Isotopes in Ecology (A),FA08,10,10,100.00%,100.00%,5.7,A- (3.89),N/A
"Haviland, John B.",ANSC 118 - Language and Culture (A),FA08,11,10,40.00%,80.00%,5.5,B- (2.88),N/A
"Brenner, Suzanne A","ANSC 125 - Gender, Sexuality, & Society (A)",FA08,75,54,82.70%,86.50%,5.1,B+ (3.54),B+ (3.36)
"Carlisle, Steven G",ANSC 128 - Culture and Emotion (A),FA08,45,24,87.50%,87.50%,3.92,B (3.20),C+ (2.70)
"Postero, Nancy Grey",ANSC 142 - Anthropology of Latin America (A),FA08,50,57,96.50%,94.60%,6.15,B+ (3.42),B- (2.96)
"Hurst, Samantha",ANSC 164 - The Anthropology of Medicine (A),FA08,66,43,93.00%,90.70%,3.57,A- (3.78),A- (3.71)
"Goldstein, Paul S",ANTH 101 - Foundations/Social Complexity (A),FA08,118,59,77.60%,89.50%,4.64,B+ (3.39),B (3.21)
"Semendeferi, Ekaterini",ANTH 2 - Human Origins (A),FA08,180,121,78.80%,83.30%,4.33,B (3.02),C+ (2.57)
"Moore, James J",ANTH 42 - Study of Primates in Nature (A),FA08,25,24,95.80%,91.70%,3.67,B (3.23),B (3.03)
"Parish, Steven Martin",ANTH 87 - Freshman Seminar (A),FA08,16,12,75.00%,81.80%,0.67,A (4.00),N/A
"Parish, Steven Martin",ANTH 87 - Freshman Seminar (B),FA08,14,11,90.90%,100.00%,0.5,A (4.00),N/A
"Moore, James J",ANTH 87 - Freshman Seminar (D),FA08,7,7,100.00%,100.00%,0.79,A (4.00),N/A
"Goldstein, Paul S",ANAR 119S - Archaeological Field & Lab Cls (A),SU08,14,26,100.00%,100.00%,16.32,A (4.00),N/A
"Braswell, Geoffrey E.",ANAR 155S - Stdy Abrd: Ancient Mesoamerica (A),SU08,20,20,100.00%,100.00%,12.1,A- (3.89),N/A
"Froehle, Andrew W.",ANBI 143 - The Human Skeleton (A),SU08,20,14,92.90%,100.00%,8.64,B+ (3.43),N/A
"Haviland, John B.",ANSC 117GS - Language and (Multi)Culture (A),SU08,9,9,87.50%,100.00%,9.83,B+ (3.56),N/A
"Haviland, John B.","ANSC 119GS - Gesture, Communication & Body (A)",SU08,9,9,77.80%,100.00%,9.39,B+ (3.50),N/A
"Danely, Jason A",ANTH 1 - Introduction to Culture (A),SU08,22,19,100.00%,100.00%,3.76,B+ (3.65),N/A
"Muniz, Adolfo A",ANAR 111 - Anthropological Archaeology (A),SP08,32,22,90.90%,100.00%,3.86,B+ (3.45),B+ (3.40)
"Strum, Shirley C.",ANBI 132 - Conservation&Human Predicament (A),SP08,163,96,89.10%,92.40%,6.88,N/A,C+ (2.69)
"Woodruff, David S",ANBI 132 - Conservation&Human Predicament (A),SP08,163,96,89.10%,92.40%,6.88,N/A,C+ (2.69)
"Semendeferi, Ekaterini",ANBI 140 - Evolution of Human Brain (A),SP08,129,88,77.90%,87.20%,4.5,B (3.16),B- (2.99)
"Carlisle, Steven G",ANSC 100 - Spec Top/Socio-Cultural Anthro (A),SP08,23,15,100.00%,100.00%,5.03,B+ (3.47),B (3.02)
"Dernbach, Katherine",ANSC 100 - Spec Top/Socio-Cultural Anthro (B),SP08,8,8,87.50%,100.00%,2.5,B+ (3.67),N/A
"McNeal, Keith",ANSC 121 - Psychological Anthropology (A),SP08,51,38,91.90%,94.60%,3.64,B+ (3.45),B+ (3.46)
"Woolard, Kathryn A",ANSC 122 - Language in Society (A),SP08,53,38,86.50%,94.40%,3.71,B (3.09),B- (2.89)
"Brenner, Suzanne A",ANSC 124 - Cultural Anthropology (A),SP08,68,33,97.00%,100.00%,3.59,B (3.23),B (3.25)
"Carlisle, Steven G",ANSC 126 - Childhood and Adolescence (A),SP08,18,9,100.00%,87.50%,6.72,B+ (3.38),N/A
"Hurst, Samantha",ANSC 164 - The Anthropology of Medicine (A),SP08,60,34,97.10%,97.10%,4.56,A- (3.94),A- (3.75)
"Parish, Steven Martin",ANSC 165 - Contemporary South Asia (A),SP08,25,17,100.00%,100.00%,3.56,A- (3.88),B+ (3.57)
"Moore, James J",ANTH 102 - Humans Are Cultural Animals (A),SP08,61,34,90.90%,84.80%,5.79,B (3.27),B (3.09)
"Goldstein, Paul S",ANTH 3 - World Prehistory (A),SP08,101,60,84.70%,79.30%,3.08,B (3.24),B- (2.93)
"Jordan, David K.",ANTH 87 - Freshman Seminar (A),SP08,8,7,100.00%,100.00%,0.79,N/A,N/A
"Levy, Thomas E","ANAR 143 - Archeology, Anthr & the Bible (A)",WI08,39,20,60.00%,60.00%,3.1,A- (3.70),B+ (3.54)
"Goldstein, Paul S",ANAR 156 - Archaeology of South America (A),WI08,54,29,89.70%,96.60%,4.57,B (3.15),B (3.18)
"Algaze, Guillermo",ANAR 182 - Origin/Agriculture & Sedentism (A),WI08,41,22,95.20%,100.00%,4.68,B+ (3.50),B+ (3.31)
"Schoeninger, Margaret J",ANBI 141 - The Evolution of Human Diet (A),WI08,101,73,89.90%,91.30%,3.75,B (3.25),B (3.04)
"Moore, James J",ANBI 159 - Biological&Cult Persptv/Intell (A),WI08,33,27,81.50%,74.10%,5.42,B- (2.88),B- (2.88)
"Woolard, Kathryn A",ANSC 100 - Spec Top/Socio-Cultural Anthro (A),WI08,13,10,100.00%,100.00%,6.1,B+ (3.38),N/A
"Haviland, John B.",ANSC 118 - Language and Culture (A),WI08,18,14,64.30%,78.60%,3.36,B (3.23),C+ (2.54)
"Jordan, David K.",ANSC 136 - Traditional Chinese Society (A),WI08,80,53,96.20%,98.10%,3.79,B+ (3.50),B+ (3.42)
"Carlisle, Steven G","ANSC 139 - Freud, Psychoanalysis, Culture (A)",WI08,41,24,87.00%,91.30%,4.08,B- (2.95),B- (2.86)
"Fortier, Jana",ANTH 1 - Introduction to Culture (A),WI08,134,56,85.70%,87.50%,3.11,B (3.18),B- (3.00)
"Ozyurek, Esra",ANTH 103 - Social Anthropology (A),WI08,95,50,66.70%,47.90%,3.34,B+ (3.48),B+ (3.41)
"Braswell, Geoffrey E.",ANAR 153 - The Mysterious Maya (A),FA07,77,48,78.00%,77.80%,4.41,B (3.12),C+ (2.61)
"Hurst, Samantha",ANBI 111 - Adv Priciples/Human Evolution (A),FA07,46,42,97.30%,95.10%,4,B+ (3.51),B+ (3.44)
"Anderson, Matt",ANBI 116 - Evolution/Primate Reproduction (A),FA07,54,37,94.60%,100.00%,3.8,B (3.24),C+ (2.64)
"Semendeferi, Ekaterini",ANBI 175 - Modeling Behavior/Early Ancest (A),FA07,15,12,100.00%,100.00%,4.67,B+ (3.33),N/A
"Moore, James J",ANPR 192 - Senior Seminar in Anthropology (A),FA07,8,8,100.00%,100.00%,2,N/A,N/A
"Brenner, Suzanne A","ANSC 125 - Gender, Sexuality, & Society (A)",FA07,83,58,94.70%,100.00%,5.32,B+ (3.53),B+ (3.47)
"Carlisle, Steven G",ANSC 167 - Rituals and Celebrations (A),FA07,43,17,88.20%,82.40%,3.91,B+ (3.56),B- (2.71)
"Algaze, Guillermo",ANTH 101 - Foundations/Social Complexity (A),FA07,111,64,95.20%,93.70%,4.47,B+ (3.47),B (3.27)
"Semendeferi, Ekaterini",ANTH 2 - Human Origins (A),FA07,125,61,90.20%,91.80%,3.81,B (3.29),C+ (2.32)
"Pedersen, David",ANTH 23 - Debating Multiculturalism (A),FA07,136,72,66.70%,77.80%,3.94,B+ (3.32),B (3.13)
"Jordan, David K.",ANTH 87 - Freshman Seminar (A),FA07,20,19,84.20%,100.00%,0.92,A (4.00),N/A
"Augsburger, Christina S",ANLD 1 - Introduction to Culture (A),SU07,18,13,92.30%,92.30%,5.23,B+ (3.58),N/A
"Schwake, Sonja A.",ANLD 3 - World Prehistory (A),SU07,16,15,100.00%,100.00%,6.63,B (3.29),N/A
"Teffer, Katharine D.",ANLD 42 - Study of Primates in Nature (A),SU07,7,7,100.00%,100.00%,4.79,B+ (3.40),N/A
"Augsburger, Christina S",ANTH 1 - Introduction to Culture (A),SU07,18,13,92.30%,92.30%,5.23,B+ (3.58),N/A
"Schwake, Sonja A.",ANTH 3 - World Prehistory (A),SU07,16,15,100.00%,100.00%,6.63,B (3.29),N/A
"Teffer, Katharine D.",ANTH 42 - Study of Primates in Nature (A),SU07,7,7,100.00%,100.00%,4.79,B+ (3.40),N/A
